seconds,estimated_hz,voiced_probability,retained
0.000000000000000000e+00,nan,1.000000000000000021e-02,0.000000000000000000e+00
1.600000000000000033e-02,nan,1.000000000000000021e-02,0.000000000000000000e+00
3.200000000000000067e-02,nan,1.000000000000000021e-02,0.000000000000000000e+00
4.800000000000000100e-02,nan,1.000000000000000021e-02,0.000000000000000000e+00
6.400000000000000133e-02,nan,1.000000000000692522e-02,0.000000000000000000e+00
8.000000000000000167e-02,nan,1.000000000007539823e-02,0.000000000000000000e+00
9.600000000000000200e-02,nan,1.000000000061385813e-02,0.000000000000000000e+00
1.120000000000000023e-01,nan,1.000000000000010950e-02,0.000000000000000000e+00
1.280000000000000027e-01,nan,1.000000000000692522e-02,0.000000000000000000e+00
1.439999999999999891e-01,nan,1.000000020889274185e-02,0.000000000000000000e+00
1.600000000000000033e-01,nan,1.000000000160603322e-02,0.000000000000000000e+00
1.759999999999999898e-01,nan,1.000000000000000021e-02,0.000000000000000000e+00
1.920000000000000040e-01,nan,1.000000000022191297e-02,0.000000000000000000e+00
2.079999999999999905e-01,nan,1.000000000002384919e-02,0.000000000000000000e+00
2.240000000000000047e-01,nan,1.000000000000010950e-02,0.000000000000000000e+00
2.399999999999999911e-01,nan,1.000000041792507670e-02,0.000000000000000000e+00
2.560000000000000053e-01,nan,1.000000000002385092e-02,0.000000000000000000e+00
2.720000000000000195e-01,nan,1.000000154655429456e-02,0.000000000000000000e+00
2.879999999999999782e-01,nan,1.000000004772602473e-02,0.000000000000000000e+00
3.039999999999999925e-01,nan,1.000000000950596740e-02,0.000000000000000000e+00
3.200000000000000067e-01,nan,2.674706535424312132e-14,0.000000000000000000e+00
3.360000000000000209e-01,nan,1.000000000106100392e-02,0.000000000000000000e+00
3.519999999999999796e-01,nan,1.000000020835660128e-02,0.000000000000000000e+00
3.679999999999999938e-01,nan,1.000001622588669349e-02,0.000000000000000000e+00
3.840000000000000080e-01,nan,1.000281546078283200e-02,0.000000000000000000e+00
4.000000000000000222e-01,nan,1.108579117795966545e-02,0.000000000000000000e+00
4.159999999999999809e-01,nan,3.010686179070436175e-02,0.000000000000000000e+00
4.319999999999999951e-01,nan,2.031762854805807539e-02,0.000000000000000000e+00
4.480000000000000093e-01,nan,1.108579180033117222e-02,0.000000000000000000e+00
4.640000000000000235e-01,nan,1.003776414885555225e-02,0.000000000000000000e+00
4.799999999999999822e-01,nan,1.000186841110937974e-02,0.000000000000000000e+00
4.959999999999999964e-01,nan,1.000051416588635528e-02,0.000000000000000000e+00
5.120000000000000107e-01,nan,1.000020633903134053e-02,0.000000000000000000e+00
5.280000000000000249e-01,nan,1.000000928748663066e-02,0.000000000000000000e+00
5.440000000000000391e-01,nan,1.000000287110036808e-02,0.000000000000000000e+00
5.600000000000000533e-01,nan,1.000000020889274359e-02,0.000000000000000000e+00
5.759999999999999565e-01,nan,1.000000010142939634e-02,0.000000000000000000e+00
5.919999999999999707e-01,nan,1.000000000054711811e-02,0.000000000000000000e+00
6.079999999999999849e-01,nan,1.000000000158520093e-02,0.000000000000000000e+00
6.239999999999999991e-01,nan,1.000000000002570361e-02,0.000000000000000000e+00
6.400000000000000133e-01,nan,1.000000001820979673e-02,0.000000000000000000e+00
6.560000000000000275e-01,nan,1.000000009793764258e-02,0.000000000000000000e+00
6.720000000000000417e-01,nan,1.000000018990981378e-02,0.000000000000000000e+00
6.879999999999999449e-01,nan,1.000002766781136511e-02,0.000000000000000000e+00
7.039999999999999591e-01,nan,1.000000004752859759e-02,0.000000000000000000e+00
7.199999999999999734e-01,nan,1.000004698866962735e-02,0.000000000000000000e+00
7.359999999999999876e-01,nan,1.000000287103331234e-02,0.000000000000000000e+00
7.520000000000000018e-01,nan,1.000000081346885672e-02,0.000000000000000000e+00
7.680000000000000160e-01,nan,1.000000000060780915e-02,0.000000000000000000e+00
7.840000000000000302e-01,nan,1.000000010142901123e-02,0.000000000000000000e+00
8.000000000000000444e-01,nan,1.000000521622944859e-02,0.000000000000000000e+00
8.159999999999999476e-01,nan,1.000004700797730087e-02,0.000000000000000000e+00
8.319999999999999618e-01,nan,1.000281582581110003e-02,0.000000000000000000e+00
8.479999999999999760e-01,nan,1.001876450976913954e-02,0.000000000000000000e+00
8.639999999999999902e-01,nan,1.062260904091153271e-02,0.000000000000000000e+00
8.800000000000000044e-01,nan,1.062260904091153271e-02,0.000000000000000000e+00
8.960000000000000187e-01,nan,1.001306884570267279e-02,0.000000000000000000e+00
9.120000000000000329e-01,nan,1.001876450627775181e-02,0.000000000000000000e+00
9.280000000000000471e-01,nan,1.000419086998531430e-02,0.000000000000000000e+00
9.439999999999999503e-01,nan,1.000080205975536866e-02,0.000000000000000000e+00
9.599999999999999645e-01,nan,1.000000673340086139e-02,0.000000000000000000e+00
9.759999999999999787e-01,nan,9.944695034927967620e-11,0.000000000000000000e+00
9.919999999999999929e-01,nan,2.658828061095146238e-11,0.000000000000000000e+00
1.008000000000000007e+00,nan,5.803474698817685462e-12,0.000000000000000000e+00
1.024000000000000021e+00,nan,1.000000000380274305e-02,0.000000000000000000e+00
1.040000000000000036e+00,nan,1.000000020889274185e-02,0.000000000000000000e+00
1.056000000000000050e+00,nan,1.000007810228032562e-02,0.000000000000000000e+00
1.072000000000000064e+00,nan,1.000617855533407832e-02,0.000000000000000000e+00
1.088000000000000078e+00,nan,1.019107549696831108e-02,0.000000000000000000e+00
1.104000000000000092e+00,nan,1.034905513337584619e-02,0.000000000000000000e+00
1.120000000000000107e+00,nan,1.108579188894337313e-02,0.000000000000000000e+00
1.135999999999999899e+00,nan,1.082446372823416686e-02,0.000000000000000000e+00
1.151999999999999913e+00,nan,1.019107549696831282e-02,0.000000000000000000e+00
1.167999999999999927e+00,nan,1.000051671960452450e-02,0.000000000000000000e+00
1.183999999999999941e+00,nan,1.000012784523254122e-02,0.000000000000000000e+00
1.199999999999999956e+00,nan,1.000020633903133879e-02,0.000000000000000000e+00
1.215999999999999970e+00,4.796044206646884049e+02,1.000020633903134053e-02,0.000000000000000000e+00
1.231999999999999984e+00,4.768421024664290258e+02,1.002672467381077008e-02,0.000000000000000000e+00
1.247999999999999998e+00,4.740956940502727548e+02,1.001876450976913954e-02,0.000000000000000000e+00
1.264000000000000012e+00,4.713651037826174388e+02,1.000419105279527071e-02,0.000000000000000000e+00
1.280000000000000027e+00,4.713651037826174388e+02,1.000617855533407832e-02,0.000000000000000000e+00
1.296000000000000041e+00,4.686502405576317756e+02,1.001876450976913954e-02,0.000000000000000000e+00
1.312000000000000055e+00,4.605991099332275667e+02,1.001306884621814240e-02,0.000000000000000000e+00
1.328000000000000069e+00,4.553086779310602310e+02,1.000419105279527071e-02,0.000000000000000000e+00
1.344000000000000083e+00,4.500790117231943555e+02,1.000617855533407832e-02,0.000000000000000000e+00
1.360000000000000098e+00,4.372661359319315579e+02,1.000051671960452450e-02,0.000000000000000000e+00
1.375999999999999890e+00,3.940863072927035091e+02,1.000001622642283580e-02,0.000000000000000000e+00
1.391999999999999904e+00,3.850853635945067595e+02,1.142233425070868919e-02,0.000000000000000000e+00
1.407999999999999918e+00,3.873161404119026656e+02,1.108579188840722908e-02,0.000000000000000000e+00
1.423999999999999932e+00,3.940863072927035091e+02,1.142233424240654376e-02,0.000000000000000000e+00
1.439999999999999947e+00,3.986653696140961642e+02,1.185350538638054591e-02,0.000000000000000000e+00
1.455999999999999961e+00,4.009748146060645695e+02,1.240312479006055318e-02,0.000000000000000000e+00
1.471999999999999975e+00,4.032976380767710225e+02,1.398021037188321158e-02,0.000000000000000000e+00
1.487999999999999989e+00,4.056339175269541784e+02,1.646758303726302344e-02,0.000000000000000000e+00
1.504000000000000004e+00,4.079837309063103135e+02,3.010685368251622002e-02,0.000000000000000000e+00
1.520000000000000018e+00,4.079837309063103135e+02,4.768699271751581509e-02,0.000000000000000000e+00
1.536000000000000032e+00,4.079837309063103135e+02,5.607139508087741198e-02,0.000000000000000000e+00
1.552000000000000046e+00,4.056339175269541784e+02,6.608151234419179509e-02,0.000000000000000000e+00
1.568000000000000060e+00,4.032976380767710225e+02,1.085797693779864542e-01,0.000000000000000000e+00
1.584000000000000075e+00,4.009748146060645695e+02,1.504645770189558251e-01,0.000000000000000000e+00
1.600000000000000089e+00,3.986653696140961642e+02,2.065065121150064242e-01,0.000000000000000000e+00
1.616000000000000103e+00,3.963692260464981132e+02,2.065031386576504646e-01,0.000000000000000000e+00
1.631999999999999895e+00,3.940863072927035091e+02,1.279137450032752921e-01,0.000000000000000000e+00
1.647999999999999909e+00,3.918165371833897552e+02,7.780835153750306765e-02,0.000000000000000000e+00
1.663999999999999924e+00,3.895598399879372664e+02,6.536141617117263714e-02,0.000000000000000000e+00
1.679999999999999938e+00,3.873161404119026656e+02,1.477567964435765324e-01,0.000000000000000000e+00
1.695999999999999952e+00,3.850853635945067595e+02,3.143246069032533119e-01,0.000000000000000000e+00
1.711999999999999966e+00,3.828674351061366110e+02,5.217132311043870541e-01,0.000000000000000000e+00
1.727999999999999980e+00,3.828674351061366110e+02,5.669675152424495934e-01,0.000000000000000000e+00
1.743999999999999995e+00,3.806622809458625625e+02,5.442010134857759862e-01,0.000000000000000000e+00
1.760000000000000009e+00,3.784698275389686728e+02,3.222033457552457847e-01,0.000000000000000000e+00
1.776000000000000023e+00,3.762900017344982757e+02,1.196092895909046383e-01,0.000000000000000000e+00
1.792000000000000037e+00,3.719679424331671385e+02,5.984424410882567893e-03,0.000000000000000000e+00
1.808000000000000052e+00,3.698255647312931842e+02,5.694609096479201146e-03,0.000000000000000000e+00
1.824000000000000066e+00,3.655777558218108538e+02,3.702000200672415919e-02,0.000000000000000000e+00
1.840000000000000080e+00,3.634721828865450561e+02,4.397448080192348230e-02,0.000000000000000000e+00
1.856000000000000094e+00,3.613787371590076987e+02,5.460958367307505723e-02,0.000000000000000000e+00
1.872000000000000108e+00,3.592973487916218005e+02,3.040944619536356877e-02,0.000000000000000000e+00
1.887999999999999901e+00,3.551704667561429005e+02,1.551820616990625193e-02,0.000000000000000000e+00
1.903999999999999915e+00,3.531248353951036165e+02,1.085953428885959304e-02,0.000000000000000000e+00
1.919999999999999929e+00,3.531248353951036165e+02,1.001876450976913954e-02,0.000000000000000000e+00
1.935999999999999943e+00,nan,1.000032860450165983e-02,0.000000000000000000e+00
1.951999999999999957e+00,nan,1.000000287110036808e-02,0.000000000000000000e+00
1.967999999999999972e+00,nan,1.000000041792507670e-02,0.000000000000000000e+00
1.983999999999999986e+00,nan,1.000000010142939634e-02,0.000000000000000000e+00
2.000000000000000000e+00,nan,1.000000081401490604e-02,0.000000000000000000e+00
2.016000000000000014e+00,nan,1.000000154655429629e-02,0.000000000000000000e+00
2.032000000000000028e+00,nan,1.000000154655429803e-02,0.000000000000000000e+00
2.048000000000000043e+00,nan,1.000000287110036981e-02,0.000000000000000000e+00
2.064000000000000057e+00,nan,1.000001622642283580e-02,0.000000000000000000e+00
2.080000000000000071e+00,nan,1.000012784523254122e-02,0.000000000000000000e+00
2.096000000000000085e+00,nan,1.000080278092725476e-02,0.000000000000000000e+00
2.112000000000000099e+00,nan,1.000000002170159212e-02,0.000000000000000000e+00
2.128000000000000114e+00,nan,1.000001622642283233e-02,0.000000000000000000e+00
2.144000000000000128e+00,nan,1.000020633883752508e-02,0.000000000000000000e+00
2.160000000000000142e+00,nan,1.000007810228032389e-02,0.000000000000000000e+00
2.176000000000000156e+00,nan,1.000123296498611931e-02,0.000000000000000000e+00
2.192000000000000171e+00,nan,1.000000154655429629e-02,0.000000000000000000e+00
2.208000000000000185e+00,1.131715732284961291e+02,1.108579188894337313e-02,0.000000000000000000e+00
2.224000000000000199e+00,1.138271694827650720e+02,5.607139544589262448e-02,0.000000000000000000e+00
2.240000000000000213e+00,1.131715732284961291e+02,1.765306086328975732e-01,0.000000000000000000e+00
2.255999999999999783e+00,1.144865635674993030e+02,2.407543944755742849e-01,0.000000000000000000e+00
2.271999999999999797e+00,1.151497774833068632e+02,3.721358982975087049e-01,0.000000000000000000e+00
2.287999999999999812e+00,1.138271694827650720e+02,2.031762855636058684e-02,0.000000000000000000e+00
2.303999999999999826e+00,1.138271694827650720e+02,1.142233425070907429e-02,0.000000000000000000e+00
2.319999999999999840e+00,1.068197408961527373e+02,1.000617855533408006e-02,0.000000000000000000e+00
2.335999999999999854e+00,1.055928115263106122e+02,1.000080278092725476e-02,0.000000000000000000e+00
2.351999999999999869e+00,1.055928115263106122e+02,1.000012784523254122e-02,0.000000000000000000e+00
2.367999999999999883e+00,1.055928115263106122e+02,1.000000928748663066e-02,0.000000000000000000e+00
2.383999999999999897e+00,nan,1.000000928748663066e-02,0.000000000000000000e+00
2.399999999999999911e+00,nan,1.000123296498611931e-02,0.000000000000000000e+00
2.415999999999999925e+00,nan,1.000123296498611758e-02,0.000000000000000000e+00
2.431999999999999940e+00,1.178412759456543455e+02,1.010197459374499035e-02,0.000000000000000000e+00
2.447999999999999954e+00,1.185239235125681887e+02,1.240312479355134764e-02,0.000000000000000000e+00
2.463999999999999968e+00,1.227036606486201435e+02,2.031762855636058338e-02,0.000000000000000000e+00
2.479999999999999982e+00,1.248484828566305538e+02,2.616802860893575541e-02,0.000000000000000000e+00
2.495999999999999996e+00,1.285068226458764968e+02,2.031762855636057991e-02,0.000000000000000000e+00
2.512000000000000011e+00,1.307530823388209456e+02,2.031762855636057991e-02,0.000000000000000000e+00
2.528000000000000025e+00,1.315105272392499387e+02,2.616802860893575541e-02,0.000000000000000000e+00
2.544000000000000039e+00,1.315105272392499387e+02,4.069733156888105663e-02,0.000000000000000000e+00
2.560000000000000053e+00,1.315105272392499387e+02,1.085797707287450148e-01,0.000000000000000000e+00
2.576000000000000068e+00,1.322723599733492108e+02,5.607139544589262448e-02,0.000000000000000000e+00
2.592000000000000082e+00,1.322723599733492108e+02,2.616802860893575194e-02,0.000000000000000000e+00
2.608000000000000096e+00,1.322723599733492108e+02,1.240312479355134938e-02,0.000000000000000000e+00
2.624000000000000110e+00,1.315105272392499387e+02,1.818737573491217840e-02,0.000000000000000000e+00
2.640000000000000124e+00,1.315105272392499387e+02,3.010686179419500355e-02,0.000000000000000000e+00
2.656000000000000139e+00,1.307530823388209456e+02,3.489742801962526092e-02,0.000000000000000000e+00
2.672000000000000153e+00,nan,1.818737573491218534e-02,0.000000000000000000e+00
2.688000000000000167e+00,nan,1.005296754456314751e-02,0.000000000000000000e+00
2.704000000000000181e+00,nan,1.000000287110036808e-02,0.000000000000000000e+00
2.720000000000000195e+00,1.353640798295248544e+02,1.000419105279526898e-02,0.000000000000000000e+00
2.736000000000000210e+00,1.345844400993790941e+02,1.240312479355134938e-02,0.000000000000000000e+00
2.751999999999999780e+00,1.330386059595807353e+02,2.294421912463859986e-02,0.000000000000000000e+00
2.767999999999999794e+00,1.330386059595807353e+02,4.768699308253103453e-02,0.000000000000000000e+00
2.783999999999999808e+00,1.330386059595807353e+02,6.608151270920700759e-02,0.000000000000000000e+00
2.799999999999999822e+00,1.330386059595807353e+02,6.608151270920700759e-02,0.000000000000000000e+00
2.815999999999999837e+00,1.322723599733492108e+02,6.608151270920702147e-02,0.000000000000000000e+00
2.831999999999999851e+00,1.322723599733492108e+02,9.203757081218104374e-02,0.000000000000000000e+00
2.847999999999999865e+00,1.322723599733492108e+02,1.504646013433387775e-01,0.000000000000000000e+00
2.863999999999999879e+00,1.315105272392499387e+02,1.279370863012903592e-01,0.000000000000000000e+00
2.879999999999999893e+00,1.315105272392499387e+02,6.608151270920700759e-02,0.000000000000000000e+00
2.895999999999999908e+00,1.315105272392499387e+02,2.031762855636057991e-02,0.000000000000000000e+00
2.911999999999999922e+00,1.307530823388209456e+02,1.240312479355134938e-02,0.000000000000000000e+00
2.927999999999999936e+00,1.255717227602299175e+02,1.034905513337584446e-02,0.000000000000000000e+00
2.943999999999999950e+00,1.171625601394079297e+02,1.025905055977886261e-02,0.000000000000000000e+00
2.959999999999999964e+00,1.125197529307985889e+02,1.000051671960452450e-02,0.000000000000000000e+00
2.975999999999999979e+00,nan,5.109069616268868341e-11,0.000000000000000000e+00
2.991999999999999993e+00,nan,2.089662975109434461e-10,0.000000000000000000e+00
3.008000000000000007e+00,nan,1.611697354509299454e-08,0.000000000000000000e+00
3.024000000000000021e+00,nan,1.000069110443150069e-02,0.000000000000000000e+00
3.040000000000000036e+00,nan,1.000000010002668853e-02,0.000000000000000000e+00
3.056000000000000050e+00,nan,2.668727670883284973e-11,0.000000000000000000e+00
3.072000000000000064e+00,nan,1.040084233912879261e-10,0.000000000000000000e+00
3.088000000000000078e+00,nan,1.236595994315520717e-11,0.000000000000000000e+00
3.104000000000000092e+00,nan,5.888385070404723415e-12,0.000000000000000000e+00
3.120000000000000107e+00,nan,5.043431152096072346e-13,0.000000000000000000e+00
3.136000000000000121e+00,1.248484828566305538e+02,1.000000928748663066e-02,0.000000000000000000e+00
3.152000000000000135e+00,1.205956852023702339e+02,1.034905513337584446e-02,0.000000000000000000e+00
3.168000000000000149e+00,1.255717227602299175e+02,1.818737573491218187e-02,0.000000000000000000e+00
3.184000000000000163e+00,1.307530823388209456e+02,1.108579188894337313e-02,0.000000000000000000e+00
3.200000000000000178e+00,1.345844400993790941e+02,1.508558729750433813e-02,0.000000000000000000e+00
3.216000000000000192e+00,1.361482359666814830e+02,2.294421912463859986e-02,0.000000000000000000e+00
3.232000000000000206e+00,1.369369346741286506e+02,3.010686179419500702e-02,0.000000000000000000e+00
3.248000000000000220e+00,1.369369346741286506e+02,3.489742801962525398e-02,0.000000000000000000e+00
3.263999999999999790e+00,1.377302022667084032e+02,9.203757081218104374e-02,0.000000000000000000e+00
3.279999999999999805e+00,1.385280652117029376e+02,1.765306086328975455e-01,0.000000000000000000e+00
3.295999999999999819e+00,1.393305501297181195e+02,1.279370863012903592e-01,0.000000000000000000e+00
3.311999999999999833e+00,1.393305501297181195e+02,1.765306086328976010e-01,0.000000000000000000e+00
3.327999999999999847e+00,1.401376837955711494e+02,2.065067991177522988e-01,0.000000000000000000e+00
3.343999999999999861e+00,1.401376837955711494e+02,2.796051653363588740e-01,0.000000000000000000e+00
3.359999999999999876e+00,1.401376837955711494e+02,2.796051653363588740e-01,0.000000000000000000e+00
3.375999999999999890e+00,1.409494931391843977e+02,2.796051653363588740e-01,0.000000000000000000e+00
3.391999999999999904e+00,1.401376837955711494e+02,3.233360583906407792e-01,0.000000000000000000e+00
3.407999999999999918e+00,1.393305501297181195e+02,3.233360583906408903e-01,0.000000000000000000e+00
3.423999999999999932e+00,1.385280652117029376e+02,2.796051653363588740e-01,0.000000000000000000e+00
3.439999999999999947e+00,1.377302022667084032e+02,3.721358982975086493e-01,0.000000000000000000e+00
3.455999999999999961e+00,1.377302022667084032e+02,3.233360583906408348e-01,0.000000000000000000e+00
3.471999999999999975e+00,1.377302022667084032e+02,1.765306086328975732e-01,0.000000000000000000e+00
3.487999999999999989e+00,1.377302022667084032e+02,3.489742801962525398e-02,0.000000000000000000e+00
3.504000000000000004e+00,1.377302022667084032e+02,1.240312479355125223e-02,0.000000000000000000e+00
3.520000000000000018e+00,1.369369346741286506e+02,1.398021001516851040e-02,0.000000000000000000e+00
3.536000000000000032e+00,1.353640798295248544e+02,7.788616974523616954e-02,0.000000000000000000e+00
3.552000000000000046e+00,1.345844400993790941e+02,1.025904600390293263e-02,0.000000000000000000e+00
3.568000000000000060e+00,nan,3.489742801962526092e-02,0.000000000000000000e+00
3.584000000000000075e+00,nan,1.398021038018592774e-02,0.000000000000000000e+00
3.600000000000000089e+00,nan,1.000002785026228580e-02,0.000000000000000000e+00
3.616000000000000103e+00,1.425872473603013759e+02,1.019107549696831108e-02,0.000000000000000000e+00
3.632000000000000117e+00,1.393305501297181195e+02,1.240312479355134591e-02,0.000000000000000000e+00
3.648000000000000131e+00,1.385280652117029376e+02,1.818737573491217840e-02,0.000000000000000000e+00
3.664000000000000146e+00,1.377302022667084032e+02,2.616802860893575194e-02,0.000000000000000000e+00
3.680000000000000160e+00,1.377302022667084032e+02,3.489742801962525398e-02,0.000000000000000000e+00
3.696000000000000174e+00,1.377302022667084032e+02,3.010686179419501049e-02,0.000000000000000000e+00
3.712000000000000188e+00,1.377302022667084032e+02,3.489742801962526092e-02,0.000000000000000000e+00
3.728000000000000203e+00,1.377302022667084032e+02,5.607139544589263142e-02,0.000000000000000000e+00
3.744000000000000217e+00,1.369369346741286506e+02,2.031762855636057991e-02,0.000000000000000000e+00
3.759999999999999787e+00,1.369369346741286506e+02,1.046753361706990494e-02,0.000000000000000000e+00
3.775999999999999801e+00,1.307530823388209456e+02,1.000123296498611931e-02,0.000000000000000000e+00
3.791999999999999815e+00,1.192105256166072564e+02,1.002672467381077008e-02,0.000000000000000000e+00
3.807999999999999829e+00,1.192105256166072564e+02,1.310026255051339496e-02,0.000000000000000000e+00
3.823999999999999844e+00,1.199011051661721012e+02,1.185350539468341298e-02,0.000000000000000000e+00
3.839999999999999858e+00,1.212942888997849593e+02,1.014004604470406835e-02,0.000000000000000000e+00
3.855999999999999872e+00,1.270307958964519628e+02,1.001306884623897470e-02,0.000000000000000000e+00
3.871999999999999886e+00,1.307530823388209456e+02,1.005296754596585705e-02,0.000000000000000000e+00
3.887999999999999901e+00,1.315105272392499387e+02,1.108579188894337139e-02,0.000000000000000000e+00
3.903999999999999915e+00,1.315105272392499387e+02,2.616802860893575194e-02,0.000000000000000000e+00
3.919999999999999929e+00,1.322723599733492108e+02,9.203757072359219915e-02,0.000000000000000000e+00
3.935999999999999943e+00,1.322723599733492108e+02,1.279370180864408402e-01,0.000000000000000000e+00
3.951999999999999957e+00,1.322723599733492108e+02,2.796049851128891151e-01,0.000000000000000000e+00
3.967999999999999972e+00,1.322723599733492108e+02,4.849867833909803361e-01,0.000000000000000000e+00
3.983999999999999986e+00,1.315105272392499387e+02,6.159498853694791443e-01,0.000000000000000000e+00
4.000000000000000000e+00,1.315105272392499387e+02,6.860828109301791988e-01,0.000000000000000000e+00
4.016000000000000014e+00,1.307530823388209456e+02,6.860828109301790878e-01,0.000000000000000000e+00
4.032000000000000028e+00,1.300000000000000000e+02,6.159498854580680582e-01,0.000000000000000000e+00
4.048000000000000043e+00,1.300000000000000000e+02,7.571601330199092539e-01,1.000000000000000000e+00
4.064000000000000057e+00,1.300000000000000000e+02,7.571601330199092539e-01,1.000000000000000000e+00
4.080000000000000071e+00,1.300000000000000000e+02,7.571601330199092539e-01,1.000000000000000000e+00
4.096000000000000085e+00,1.300000000000000000e+02,6.860828109301793098e-01,0.000000000000000000e+00
4.112000000000000099e+00,1.307530823388209456e+02,7.571601330199092539e-01,1.000000000000000000e+00
4.128000000000000114e+00,1.307530823388209456e+02,7.571601330199092539e-01,1.000000000000000000e+00
4.144000000000000128e+00,1.307530823388209456e+02,8.266685594724995090e-01,1.000000000000000000e+00
4.160000000000000142e+00,1.315105272392499387e+02,8.266685594724995090e-01,1.000000000000000000e+00
4.176000000000000156e+00,1.315105272392499387e+02,8.266685594724995090e-01,1.000000000000000000e+00
4.192000000000000171e+00,1.315105272392499387e+02,8.266685594724996200e-01,1.000000000000000000e+00
4.208000000000000185e+00,1.315105272392499387e+02,8.266685594724995090e-01,1.000000000000000000e+00
4.224000000000000199e+00,1.315105272392499387e+02,8.266685594724995090e-01,1.000000000000000000e+00
4.240000000000000213e+00,1.315105272392499387e+02,8.911444948731203075e-01,1.000000000000000000e+00
4.256000000000000227e+00,1.315105272392499387e+02,8.911444948731201965e-01,1.000000000000000000e+00
4.272000000000000242e+00,1.315105272392499387e+02,8.266685594724995090e-01,1.000000000000000000e+00
4.288000000000000256e+00,1.315105272392499387e+02,7.571601330199092539e-01,1.000000000000000000e+00
4.304000000000000270e+00,1.315105272392499387e+02,4.849868077159112389e-01,0.000000000000000000e+00
4.320000000000000284e+00,1.322723599733492108e+02,2.796051653363588740e-01,0.000000000000000000e+00
4.336000000000000298e+00,1.315105272392499387e+02,1.504646013433387775e-01,0.000000000000000000e+00
4.352000000000000313e+00,1.315105272392499387e+02,7.797523762294820970e-02,0.000000000000000000e+00
4.368000000000000327e+00,1.315105272392499387e+02,3.010686179419501049e-02,0.000000000000000000e+00
4.384000000000000341e+00,1.315105272392499387e+02,1.398020582301937390e-02,0.000000000000000000e+00
4.400000000000000355e+00,1.315105272392499387e+02,1.507755862751565187e-02,0.000000000000000000e+00
4.416000000000000369e+00,nan,3.734857863807517549e-04,0.000000000000000000e+00
4.432000000000000384e+00,nan,4.403387007059985389e-05,0.000000000000000000e+00
4.448000000000000398e+00,nan,7.912245341407216288e-05,0.000000000000000000e+00
4.464000000000000412e+00,nan,1.000000521622944859e-02,0.000000000000000000e+00
4.480000000000000426e+00,1.385280652117029376e+02,1.000051671960452623e-02,0.000000000000000000e+00
4.496000000000000441e+00,1.353640798295248544e+02,1.185350539468341298e-02,0.000000000000000000e+00
4.511999999999999567e+00,1.330386059595807353e+02,1.310026255051339496e-02,0.000000000000000000e+00
4.527999999999999581e+00,1.322723599733492108e+02,1.646758759311300196e-02,0.000000000000000000e+00
4.543999999999999595e+00,1.315105272392499387e+02,1.818737573491218187e-02,0.000000000000000000e+00
4.559999999999999609e+00,1.315105272392499387e+02,1.646758759311300543e-02,0.000000000000000000e+00
4.575999999999999623e+00,1.315105272392499387e+02,1.508558729750433640e-02,0.000000000000000000e+00
4.591999999999999638e+00,1.315105272392499387e+02,2.294421912463859986e-02,0.000000000000000000e+00
4.607999999999999652e+00,1.307530823388209456e+02,7.797523762294816807e-02,0.000000000000000000e+00
4.623999999999999666e+00,1.285068226458764968e+02,4.069733156888107051e-02,0.000000000000000000e+00
4.639999999999999680e+00,1.248484828566305538e+02,2.294421912463859986e-02,0.000000000000000000e+00
4.655999999999999694e+00,1.171625601394079297e+02,1.185350539468341298e-02,0.000000000000000000e+00
4.671999999999999709e+00,nan,1.000902549334298577e-02,0.000000000000000000e+00
4.687999999999999723e+00,nan,1.000000287110036808e-02,0.000000000000000000e+00
4.703999999999999737e+00,nan,1.000000287110036808e-02,0.000000000000000000e+00
4.719999999999999751e+00,nan,1.000000002170159212e-02,0.000000000000000000e+00
4.735999999999999766e+00,1.425872473603013759e+02,1.000000521622945032e-02,0.000000000000000000e+00
4.751999999999999780e+00,1.377302022667084032e+02,1.000617855533407832e-02,0.000000000000000000e+00
4.767999999999999794e+00,1.385280652117029376e+02,1.007375176428288409e-02,0.000000000000000000e+00
4.783999999999999808e+00,1.425872473603013759e+02,1.142233425070907429e-02,0.000000000000000000e+00
4.799999999999999822e+00,1.425872473603013759e+02,2.031762855636058338e-02,0.000000000000000000e+00
4.815999999999999837e+00,1.409494931391843977e+02,5.607139544589262448e-02,0.000000000000000000e+00
4.831999999999999851e+00,1.401376837955711494e+02,1.504646013433388052e-01,0.000000000000000000e+00
4.847999999999999865e+00,1.393305501297181195e+02,2.065067991177522433e-01,0.000000000000000000e+00
4.863999999999999879e+00,1.393305501297181195e+02,2.796051653363588185e-01,0.000000000000000000e+00
4.879999999999999893e+00,1.385280652117029376e+02,4.260623290432817289e-01,0.000000000000000000e+00
4.895999999999999908e+00,1.385280652117029376e+02,6.159498854580681693e-01,0.000000000000000000e+00
4.911999999999999922e+00,1.377302022667084032e+02,7.571601330199095869e-01,1.000000000000000000e+00
4.927999999999999936e+00,1.377302022667084032e+02,8.266685594724997310e-01,1.000000000000000000e+00
4.943999999999999950e+00,1.369369346741286506e+02,8.266685594724998420e-01,1.000000000000000000e+00
4.959999999999999964e+00,1.369369346741286506e+02,8.266685594724998420e-01,1.000000000000000000e+00
4.975999999999999979e+00,1.369369346741286506e+02,8.266685594724998420e-01,1.000000000000000000e+00
4.991999999999999993e+00,1.369369346741286506e+02,8.266685594724997310e-01,1.000000000000000000e+00
5.008000000000000007e+00,1.369369346741286506e+02,8.911444948731205296e-01,1.000000000000000000e+00
5.024000000000000021e+00,1.369369346741286506e+02,8.266685594724998420e-01,1.000000000000000000e+00
5.040000000000000036e+00,1.369369346741286506e+02,8.266685594724998420e-01,1.000000000000000000e+00
5.056000000000000050e+00,1.377302022667084032e+02,8.266685594724997310e-01,1.000000000000000000e+00
5.072000000000000064e+00,1.377302022667084032e+02,8.266685594724999531e-01,1.000000000000000000e+00
5.088000000000000078e+00,1.385280652117029376e+02,8.266685594724999531e-01,1.000000000000000000e+00
5.104000000000000092e+00,1.393305501297181195e+02,8.266685594724999531e-01,1.000000000000000000e+00
5.120000000000000107e+00,1.401376837955711494e+02,8.911444948731207516e-01,1.000000000000000000e+00
5.136000000000000121e+00,1.401376837955711494e+02,8.911444948731205296e-01,1.000000000000000000e+00
5.152000000000000135e+00,1.409494931391843977e+02,9.459302094659094440e-01,1.000000000000000000e+00
5.168000000000000149e+00,1.417660052464835019e+02,8.266685594724997310e-01,1.000000000000000000e+00
5.184000000000000163e+00,1.425872473603013759e+02,8.266685594724998420e-01,1.000000000000000000e+00
5.200000000000000178e+00,1.425872473603013759e+02,8.266685594724999531e-01,1.000000000000000000e+00
5.216000000000000192e+00,1.434132468812870229e+02,7.571601330199093649e-01,1.000000000000000000e+00
5.232000000000000206e+00,1.442440313688198330e+02,7.571601330199093649e-01,1.000000000000000000e+00
5.248000000000000220e+00,1.459200662802184922e+02,7.571601330199093649e-01,1.000000000000000000e+00
5.264000000000000234e+00,1.467653726247970667e+02,6.159498854580678362e-01,0.000000000000000000e+00
5.280000000000000249e+00,1.484707041104003054e+02,4.849868077159111834e-01,0.000000000000000000e+00
5.296000000000000263e+00,1.493307861496145392e+02,1.765306086328975455e-01,0.000000000000000000e+00
5.312000000000000277e+00,1.450796285419290257e+02,1.000123296498611931e-02,0.000000000000000000e+00
5.328000000000000291e+00,nan,1.000012784523254296e-02,0.000000000000000000e+00
5.344000000000000306e+00,nan,1.000000287110036808e-02,0.000000000000000000e+00
5.360000000000000320e+00,nan,1.000012784523254122e-02,0.000000000000000000e+00
5.376000000000000334e+00,nan,1.000617855533407832e-02,0.000000000000000000e+00
5.392000000000000348e+00,nan,1.001306884623897470e-02,0.000000000000000000e+00
5.408000000000000362e+00,nan,1.002672467381077008e-02,0.000000000000000000e+00
5.424000000000000377e+00,nan,1.005296754596585705e-02,0.000000000000000000e+00
5.440000000000000391e+00,nan,1.002672467381077008e-02,0.000000000000000000e+00
5.456000000000000405e+00,nan,1.007375176428288409e-02,0.000000000000000000e+00
5.472000000000000419e+00,nan,1.003776550292968806e-02,0.000000000000000000e+00
5.488000000000000433e+00,nan,1.000020633903133706e-02,0.000000000000000000e+00
5.503999999999999559e+00,nan,1.000000521622944859e-02,0.000000000000000000e+00
5.519999999999999574e+00,nan,1.965160162607530271e-13,0.000000000000000000e+00
5.535999999999999588e+00,nan,2.707148025967356010e-14,0.000000000000000000e+00
5.551999999999999602e+00,nan,8.641447379059783024e-16,0.000000000000000000e+00
5.567999999999999616e+00,nan,1.000000000005427971e-02,0.000000000000000000e+00
5.583999999999999631e+00,nan,9.080201951778077447e-15,0.000000000000000000e+00
5.599999999999999645e+00,nan,1.000119180704466329e-02,0.000000000000000000e+00
5.615999999999999659e+00,nan,6.222893676929999288e-08,0.000000000000000000e+00
5.631999999999999673e+00,nan,3.485442799868265671e-09,0.000000000000000000e+00
5.647999999999999687e+00,nan,1.013324874792320147e-07,0.000000000000000000e+00
5.663999999999999702e+00,nan,1.000009440192223265e-02,0.000000000000000000e+00
5.679999999999999716e+00,1.037787902263644924e+02,1.000050251775423497e-02,0.000000000000000000e+00
5.695999999999999730e+00,1.037787902263644924e+02,1.000004682552594823e-02,0.000000000000000000e+00
5.711999999999999744e+00,1.262991523499687645e+02,1.000032860449561259e-02,0.000000000000000000e+00
5.727999999999999758e+00,1.262991523499687645e+02,1.001306884623897296e-02,0.000000000000000000e+00
5.743999999999999773e+00,1.270307958964519628e+02,1.010197459374499208e-02,0.000000000000000000e+00
5.759999999999999787e+00,1.277666778108826406e+02,2.616802860893575541e-02,0.000000000000000000e+00
5.775999999999999801e+00,1.285068226458764968e+02,1.279370863012903592e-01,0.000000000000000000e+00
5.791999999999999815e+00,1.300000000000000000e+02,3.721358982975087049e-01,0.000000000000000000e+00
5.807999999999999829e+00,1.307530823388209456e+02,6.860828109301794209e-01,0.000000000000000000e+00
5.823999999999999844e+00,1.315105272392499387e+02,7.571601330199093649e-01,1.000000000000000000e+00
5.839999999999999858e+00,1.315105272392499387e+02,6.159498854580679472e-01,0.000000000000000000e+00
5.855999999999999872e+00,1.315105272392499387e+02,4.849868077159113500e-01,0.000000000000000000e+00
5.871999999999999886e+00,1.315105272392499387e+02,4.260623290432817289e-01,0.000000000000000000e+00
5.887999999999999901e+00,1.315105272392499387e+02,4.849868077159113500e-01,0.000000000000000000e+00
5.903999999999999915e+00,1.315105272392499387e+02,4.260623290432817289e-01,0.000000000000000000e+00
5.919999999999999929e+00,1.315105272392499387e+02,4.260623290432817845e-01,0.000000000000000000e+00
5.935999999999999943e+00,1.315105272392499387e+02,4.260623290432817289e-01,0.000000000000000000e+00
5.951999999999999957e+00,1.315105272392499387e+02,4.849868077159113500e-01,0.000000000000000000e+00
5.967999999999999972e+00,1.315105272392499387e+02,4.260623290432817845e-01,0.000000000000000000e+00
5.983999999999999986e+00,1.307530823388209456e+02,3.721358982975087049e-01,0.000000000000000000e+00
6.000000000000000000e+00,1.307530823388209456e+02,3.721358982975087049e-01,0.000000000000000000e+00
6.016000000000000014e+00,1.307530823388209456e+02,3.233360583906408348e-01,0.000000000000000000e+00
6.032000000000000028e+00,1.307530823388209456e+02,2.407543944755742571e-01,0.000000000000000000e+00
6.048000000000000043e+00,1.307530823388209456e+02,1.765306086328975455e-01,0.000000000000000000e+00
6.064000000000000057e+00,1.315105272392499387e+02,1.085797707287449870e-01,0.000000000000000000e+00
6.080000000000000071e+00,1.315105272392499387e+02,1.085797707287450009e-01,0.000000000000000000e+00
6.096000000000000085e+00,1.315105272392499387e+02,9.203757081218102987e-02,0.000000000000000000e+00
6.112000000000000099e+00,1.315105272392499387e+02,7.797523762294819583e-02,0.000000000000000000e+00
6.128000000000000114e+00,1.315105272392499387e+02,4.768699308253103453e-02,0.000000000000000000e+00
6.144000000000000128e+00,1.315105272392499387e+02,3.489742801962525398e-02,0.000000000000000000e+00
6.160000000000000142e+00,1.315105272392499387e+02,3.010686179419501049e-02,0.000000000000000000e+00
6.176000000000000156e+00,1.315105272392499387e+02,4.069733156888104275e-02,0.000000000000000000e+00
6.192000000000000171e+00,1.315105272392499387e+02,4.768699308253103453e-02,0.000000000000000000e+00
6.208000000000000185e+00,1.315105272392499387e+02,2.031762855636058338e-02,0.000000000000000000e+00
6.224000000000000199e+00,1.322723599733492108e+02,1.034905513337584272e-02,0.000000000000000000e+00
6.240000000000000213e+00,nan,1.001876450976913781e-02,0.000000000000000000e+00
6.256000000000000227e+00,nan,1.000000000000186851e-02,0.000000000000000000e+00
6.272000000000000242e+00,1.628463770211366182e+02,1.007375176428288409e-02,0.000000000000000000e+00
6.288000000000000256e+00,1.637897364863335099e+02,2.616802860893575194e-02,0.000000000000000000e+00
6.304000000000000270e+00,1.637897364863335099e+02,9.203757081218102987e-02,0.000000000000000000e+00
6.320000000000000284e+00,1.637897364863335099e+02,2.065067991177522988e-01,0.000000000000000000e+00
6.336000000000000298e+00,1.637897364863335099e+02,2.796051653363588740e-01,0.000000000000000000e+00
6.352000000000000313e+00,1.647385607773180709e+02,3.233360583906408903e-01,0.000000000000000000e+00
6.368000000000000327e+00,1.647385607773180709e+02,3.721358982975087604e-01,0.000000000000000000e+00
6.384000000000000341e+00,1.647385607773180709e+02,4.849868077159113500e-01,0.000000000000000000e+00
6.400000000000000355e+00,1.647385607773180709e+02,5.485250542599844348e-01,0.000000000000000000e+00
6.416000000000000369e+00,1.647385607773180709e+02,6.860828109301791988e-01,0.000000000000000000e+00
6.432000000000000384e+00,1.647385607773180709e+02,5.485250542599844348e-01,0.000000000000000000e+00
6.448000000000000398e+00,1.647385607773180709e+02,4.260623290432818400e-01,0.000000000000000000e+00
6.464000000000000412e+00,1.628463770211366182e+02,3.233360583906408348e-01,0.000000000000000000e+00
6.480000000000000426e+00,1.582104567771768302e+02,2.407543944755742849e-01,0.000000000000000000e+00
6.496000000000000441e+00,1.563932546906751497e+02,2.065067991177522988e-01,0.000000000000000000e+00
6.511999999999999567e+00,1.510659263045191381e+02,4.768699308253103453e-02,0.000000000000000000e+00
6.527999999999999581e+00,1.450796285419290257e+02,3.010686179419501396e-02,0.000000000000000000e+00
6.543999999999999595e+00,1.434132468812870229e+02,2.294421912463860333e-02,0.000000000000000000e+00
6.559999999999999609e+00,1.425872473603013759e+02,3.489742801962526092e-02,0.000000000000000000e+00
6.575999999999999623e+00,1.425872473603013759e+02,2.294421912463860333e-02,0.000000000000000000e+00
6.591999999999999638e+00,1.425872473603013759e+02,1.398020966919582067e-02,0.000000000000000000e+00
6.607999999999999652e+00,1.417660052464835019e+02,1.818491388465283756e-02,0.000000000000000000e+00
6.623999999999999666e+00,1.417660052464835019e+02,2.987935476958979500e-02,0.000000000000000000e+00
6.639999999999999680e+00,1.393305501297181195e+02,3.448872870052799300e-02,0.000000000000000000e+00
6.655999999999999694e+00,1.369369346741286506e+02,1.185350538638086509e-02,0.000000000000000000e+00
6.671999999999999709e+00,1.385280652117029376e+02,3.233360583906408903e-01,0.000000000000000000e+00
6.687999999999999723e+00,nan,1.000080278092725476e-02,0.000000000000000000e+00
6.703999999999999737e+00,1.493307861496145392e+02,1.000281582581109829e-02,0.000000000000000000e+00
6.719999999999999751e+00,1.476155757792140548e+02,1.010197459374498861e-02,0.000000000000000000e+00
6.735999999999999766e+00,1.425872473603013759e+02,1.019107549696830935e-02,0.000000000000000000e+00
6.751999999999999780e+00,1.409494931391843977e+02,1.046753361706990494e-02,0.000000000000000000e+00
6.767999999999999794e+00,1.409494931391843977e+02,1.034905513337584446e-02,0.000000000000000000e+00
6.783999999999999808e+00,1.409494931391843977e+02,1.034905513337584446e-02,0.000000000000000000e+00
6.799999999999999822e+00,1.409494931391843977e+02,1.034905513337584446e-02,0.000000000000000000e+00
6.815999999999999837e+00,1.409494931391843977e+02,1.185350539468341124e-02,0.000000000000000000e+00
6.831999999999999851e+00,1.401376837955711494e+02,1.185350539468341471e-02,0.000000000000000000e+00
6.847999999999999865e+00,1.361482359666814830e+02,1.062260904091153098e-02,0.000000000000000000e+00
6.863999999999999879e+00,1.353640798295248544e+02,1.005296754596585532e-02,0.000000000000000000e+00
6.879999999999999893e+00,1.285068226458764968e+02,1.000002785026228407e-02,0.000000000000000000e+00
6.895999999999999908e+00,nan,1.000000000106345856e-02,0.000000000000000000e+00
6.911999999999999922e+00,nan,2.670692076317969114e-12,0.000000000000000000e+00
6.927999999999999936e+00,nan,1.000000000022152787e-02,0.000000000000000000e+00
6.943999999999999950e+00,1.484707041104003054e+02,1.000000081401490604e-02,0.000000000000000000e+00
6.959999999999999964e+00,1.377302022667084032e+02,1.000123296498612105e-02,0.000000000000000000e+00
6.975999999999999979e+00,1.377302022667084032e+02,1.108579188894337313e-02,0.000000000000000000e+00
6.991999999999999993e+00,1.369369346741286506e+02,2.031762855636057991e-02,0.000000000000000000e+00
7.008000000000000007e+00,1.377302022667084032e+02,4.768699308253102065e-02,0.000000000000000000e+00
7.024000000000000021e+00,1.377302022667084032e+02,7.797523762294818195e-02,0.000000000000000000e+00
7.040000000000000036e+00,1.385280652117029376e+02,1.085797707287449732e-01,0.000000000000000000e+00
7.056000000000000050e+00,1.385280652117029376e+02,1.765306086328975732e-01,0.000000000000000000e+00
7.072000000000000064e+00,1.385280652117029376e+02,2.796051653363588740e-01,0.000000000000000000e+00
7.088000000000000078e+00,1.385280652117029376e+02,3.721358982975085938e-01,0.000000000000000000e+00
7.104000000000000092e+00,1.385280652117029376e+02,4.260623290432817845e-01,0.000000000000000000e+00
7.120000000000000107e+00,1.385280652117029376e+02,3.721358982975087604e-01,0.000000000000000000e+00
7.136000000000000121e+00,1.385280652117029376e+02,3.233360583906408348e-01,0.000000000000000000e+00
7.152000000000000135e+00,1.393305501297181195e+02,1.504646013433387775e-01,0.000000000000000000e+00
7.168000000000000149e+00,1.393305501297181195e+02,6.608151270920700759e-02,0.000000000000000000e+00
7.184000000000000163e+00,1.401376837955711494e+02,3.010686179419500702e-02,0.000000000000000000e+00
7.200000000000000178e+00,1.417660052464835019e+02,3.010686179419501049e-02,0.000000000000000000e+00
7.216000000000000192e+00,1.417660052464835019e+02,9.203757081218104374e-02,0.000000000000000000e+00
7.232000000000000206e+00,1.425872473603013759e+02,1.279370863012903869e-01,0.000000000000000000e+00
7.248000000000000220e+00,1.425872473603013759e+02,1.504646013433388052e-01,0.000000000000000000e+00
7.264000000000000234e+00,1.417660052464835019e+02,1.765306086328976010e-01,0.000000000000000000e+00
7.280000000000000249e+00,1.417660052464835019e+02,1.504646013433388330e-01,0.000000000000000000e+00
7.296000000000000263e+00,1.409494931391843977e+02,9.203757081218104374e-02,0.000000000000000000e+00
7.312000000000000277e+00,1.401376837955711494e+02,7.797523762294819583e-02,0.000000000000000000e+00
7.328000000000000291e+00,1.369369346741286506e+02,7.797523762294819583e-02,0.000000000000000000e+00
7.344000000000000306e+00,1.361482359666814830e+02,7.797523762294819583e-02,0.000000000000000000e+00
7.360000000000000320e+00,1.338092907636539621e+02,5.607139544589263142e-02,0.000000000000000000e+00
7.376000000000000334e+00,1.277666778108826406e+02,1.646758759311300890e-02,0.000000000000000000e+00
7.392000000000000348e+00,1.234144757235675058e+02,1.014004604470406835e-02,0.000000000000000000e+00
7.408000000000000362e+00,1.074385413600475090e+02,1.000000521622944512e-02,0.000000000000000000e+00
7.424000000000000377e+00,nan,1.000123296498611931e-02,0.000000000000000000e+00
7.440000000000000391e+00,nan,1.001306884623897643e-02,0.000000000000000000e+00
7.456000000000000405e+00,nan,1.000418649543223862e-02,0.000000000000000000e+00
7.472000000000000419e+00,nan,1.000418649547492669e-02,0.000000000000000000e+00
7.488000000000000433e+00,nan,1.000418649553171113e-02,0.000000000000000000e+00
7.503999999999999559e+00,nan,1.002671655198890052e-02,0.000000000000000000e+00
7.519999999999999574e+00,nan,1.025902623145148393e-02,0.000000000000000000e+00
7.535999999999999588e+00,nan,1.019106738391943254e-02,0.000000000000000000e+00
7.551999999999999602e+00,nan,1.000873429579772489e-02,0.000000000000000000e+00
7.567999999999999616e+00,nan,1.013638558462068295e-02,0.000000000000000000e+00
7.583999999999999631e+00,nan,1.000281447505258284e-02,0.000000000000000000e+00
7.599999999999999645e+00,nan,1.003776093872421442e-02,0.000000000000000000e+00
7.615999999999999659e+00,nan,1.000418854227206472e-02,0.000000000000000000e+00
7.631999999999999673e+00,nan,1.000187304601255107e-02,0.000000000000000000e+00
7.647999999999999687e+00,nan,1.000902540475468415e-02,0.000000000000000000e+00
7.663999999999999702e+00,nan,1.000051653715787296e-02,0.000000000000000000e+00
7.679999999999999716e+00,nan,1.000080278092725476e-02,0.000000000000000000e+00
7.695999999999999730e+00,nan,1.000001622642283580e-02,0.000000000000000000e+00
7.711999999999999744e+00,nan,1.000012784469639718e-02,0.000000000000000000e+00
7.727999999999999758e+00,nan,1.000000000532213530e-02,0.000000000000000000e+00
7.743999999999999773e+00,nan,1.000000150476734045e-02,0.000000000000000000e+00
7.759999999999999787e+00,nan,1.000002776145728252e-02,0.000000000000000000e+00
7.775999999999999801e+00,nan,1.000001622293142725e-02,0.000000000000000000e+00
7.791999999999999815e+00,nan,1.000000002170159039e-02,0.000000000000000000e+00
7.807999999999999829e+00,nan,1.000367401378227279e-02,0.000000000000000000e+00
7.823999999999999844e+00,nan,1.005487712546401097e-02,0.000000000000000000e+00
7.839999999999999858e+00,nan,1.015796190339797629e-02,0.000000000000000000e+00
7.855999999999999872e+00,nan,1.521145388342440632e-02,0.000000000000000000e+00
7.871999999999999886e+00,nan,3.325849761965293805e-02,0.000000000000000000e+00
7.887999999999999901e+00,nan,6.396650649298021851e-02,0.000000000000000000e+00
7.903999999999999915e+00,nan,1.543200069826026685e-02,0.000000000000000000e+00
7.919999999999999929e+00,nan,1.464839006114732230e-02,0.000000000000000000e+00
7.935999999999999943e+00,nan,1.941252663330807551e-02,0.000000000000000000e+00
7.951999999999999957e+00,nan,1.457601819935167020e-02,0.000000000000000000e+00
7.967999999999999972e+00,nan,1.194462939446746044e-02,0.000000000000000000e+00
7.983999999999999986e+00,nan,2.242945775538741828e-04,0.000000000000000000e+00
8.000000000000000000e+00,nan,1.234575364624132669e-05,0.000000000000000000e+00
8.016000000000000014e+00,nan,1.091818458842724842e-06,0.000000000000000000e+00
8.032000000000000028e+00,nan,2.679731405238908954e-08,0.000000000000000000e+00
8.048000000000000043e+00,nan,1.003610734667669153e-02,0.000000000000000000e+00
8.064000000000000057e+00,9.245639118282329605e+01,1.000080278092725476e-02,0.000000000000000000e+00
8.080000000000000071e+00,9.353068270070330925e+01,1.062260904091153271e-02,0.000000000000000000e+00
8.096000000000000085e+00,9.516557023646565483e+01,1.398021038018592947e-02,0.000000000000000000e+00
8.112000000000000099e+00,9.852157682317586307e+01,4.069733156888105663e-02,0.000000000000000000e+00
8.128000000000000114e+00,1.014084793817385446e+02,3.010686179419501049e-02,0.000000000000000000e+00
8.144000000000000128e+00,1.037787902263644924e+02,2.616802860893575541e-02,0.000000000000000000e+00
8.160000000000000142e+00,1.062045044606715010e+02,1.818737573491218187e-02,0.000000000000000000e+00
8.176000000000000156e+00,1.093165339829828895e+02,2.031762855636058684e-02,0.000000000000000000e+00
8.192000000000000171e+00,1.099497982220883046e+02,2.031762855636058684e-02,0.000000000000000000e+00
8.208000000000000185e+00,1.125197529307985889e+02,2.294421912463859986e-02,0.000000000000000000e+00
8.224000000000000199e+00,1.151497774833068632e+02,1.646758759311300543e-02,0.000000000000000000e+00
8.240000000000000213e+00,1.212942888997849593e+02,1.240312479355134764e-02,0.000000000000000000e+00
8.256000000000000227e+00,1.227036606486201435e+02,1.062260904091153271e-02,0.000000000000000000e+00
8.272000000000000242e+00,1.300000000000000000e+02,1.062260904091153271e-02,0.000000000000000000e+00
8.288000000000000256e+00,1.322723599733492108e+02,1.185350539468341471e-02,0.000000000000000000e+00
8.304000000000000270e+00,1.393305501297181195e+02,1.398021038018592947e-02,0.000000000000000000e+00
8.320000000000000284e+00,1.401376837955711494e+02,5.607139544589263142e-02,0.000000000000000000e+00
8.336000000000000298e+00,1.409494931391843977e+02,1.765306086328975455e-01,0.000000000000000000e+00
8.352000000000000313e+00,1.409494931391843977e+02,2.796051653363588185e-01,0.000000000000000000e+00
8.368000000000000327e+00,1.401376837955711494e+02,3.233360583906407792e-01,0.000000000000000000e+00
8.384000000000000341e+00,1.401376837955711494e+02,3.233360583906407792e-01,0.000000000000000000e+00
8.400000000000000355e+00,1.401376837955711494e+02,3.233360583906408903e-01,0.000000000000000000e+00
8.416000000000000369e+00,1.393305501297181195e+02,4.849868077159112389e-01,0.000000000000000000e+00
8.432000000000000384e+00,1.393305501297181195e+02,5.485250542599845458e-01,0.000000000000000000e+00
8.448000000000000398e+00,1.393305501297181195e+02,5.485250542599845458e-01,0.000000000000000000e+00
8.464000000000000412e+00,1.401376837955711494e+02,5.485250542599844348e-01,0.000000000000000000e+00
8.480000000000000426e+00,1.401376837955711494e+02,6.159498854580680582e-01,0.000000000000000000e+00
8.496000000000000441e+00,1.401376837955711494e+02,6.860828109301794209e-01,0.000000000000000000e+00
8.512000000000000455e+00,1.409494931391843977e+02,7.571601330199095869e-01,1.000000000000000000e+00
8.528000000000000469e+00,1.409494931391843977e+02,7.571601330199094759e-01,1.000000000000000000e+00
8.544000000000000483e+00,1.409494931391843977e+02,7.571601330199095869e-01,1.000000000000000000e+00
8.560000000000000497e+00,1.401376837955711494e+02,7.571601330199095869e-01,1.000000000000000000e+00
8.576000000000000512e+00,1.401376837955711494e+02,7.571601330199096980e-01,1.000000000000000000e+00
8.592000000000000526e+00,1.417660052464835019e+02,5.485250542599845458e-01,0.000000000000000000e+00
8.608000000000000540e+00,1.425872473603013759e+02,5.485250542599847678e-01,0.000000000000000000e+00
8.624000000000000554e+00,1.425872473603013759e+02,6.159498854580681693e-01,0.000000000000000000e+00
8.640000000000000568e+00,1.434132468812870229e+02,6.159498854580679472e-01,0.000000000000000000e+00
8.656000000000000583e+00,1.442440313688198330e+02,6.159498854580680582e-01,0.000000000000000000e+00
8.672000000000000597e+00,1.450796285419290257e+02,6.860828109301791988e-01,0.000000000000000000e+00
8.688000000000000611e+00,1.459200662802184922e+02,6.860828109301794209e-01,0.000000000000000000e+00
8.704000000000000625e+00,1.450796285419290257e+02,4.849868077159112389e-01,0.000000000000000000e+00
8.720000000000000639e+00,1.434132468812870229e+02,2.407543944755742293e-01,0.000000000000000000e+00
8.736000000000000654e+00,1.345844400993790941e+02,1.279370863012903869e-01,0.000000000000000000e+00
8.752000000000000668e+00,1.270307958964519628e+02,1.818737573491217840e-02,0.000000000000000000e+00
8.768000000000000682e+00,1.300000000000000000e+02,1.000080278092725476e-02,0.000000000000000000e+00
8.784000000000000696e+00,nan,1.000000020889274359e-02,0.000000000000000000e+00
8.800000000000000711e+00,nan,1.000000020889274359e-02,0.000000000000000000e+00
8.816000000000000725e+00,nan,1.000000002170159212e-02,0.000000000000000000e+00
8.832000000000000739e+00,nan,1.000000000950596567e-02,0.000000000000000000e+00
8.848000000000000753e+00,7.338268631239851914e+01,1.000000020889274359e-02,0.000000000000000000e+00
8.864000000000000767e+00,7.380778788960702741e+01,1.000000000061385987e-02,0.000000000000000000e+00
8.880000000000000782e+00,7.338268631239851914e+01,1.000000000002385092e-02,0.000000000000000000e+00
8.896000000000000796e+00,7.338268631239851914e+01,1.000000000007539996e-02,0.000000000000000000e+00
8.912000000000000810e+00,7.338268631239851914e+01,1.000000000022191297e-02,0.000000000000000000e+00
8.928000000000000824e+00,7.338268631239851914e+01,1.000000000061385987e-02,0.000000000000000000e+00
8.944000000000000838e+00,7.338268631239851914e+01,1.000000000000692522e-02,0.000000000000000000e+00
8.960000000000000853e+00,7.509792529669773842e+01,1.000000000000186851e-02,0.000000000000000000e+00
8.976000000000000867e+00,7.641061390843456991e+01,1.000000000160603496e-02,0.000000000000000000e+00
8.992000000000000881e+00,6.537654116941047278e+01,1.000000002170159212e-02,0.000000000000000000e+00
9.007999999999999119e+00,7.253981427096451284e+01,1.000000002170159212e-02,0.000000000000000000e+00
9.023999999999999133e+00,7.212201568440993071e+01,1.000000002170159212e-02,0.000000000000000000e+00
9.039999999999999147e+00,7.212201568440993071e+01,1.000000010142939634e-02,0.000000000000000000e+00
9.055999999999999162e+00,nan,1.000000010142939634e-02,0.000000000000000000e+00
9.071999999999999176e+00,nan,1.000000081401490604e-02,0.000000000000000000e+00
9.087999999999999190e+00,nan,1.000000081401490604e-02,0.000000000000000000e+00
9.103999999999999204e+00,nan,1.000000154655429456e-02,0.000000000000000000e+00
9.119999999999999218e+00,nan,1.000000154655429456e-02,0.000000000000000000e+00
9.135999999999999233e+00,nan,1.000000004772602473e-02,0.000000000000000000e+00
9.151999999999999247e+00,nan,1.000000000950596740e-02,0.000000000000000000e+00
9.167999999999999261e+00,nan,1.000000004772602299e-02,0.000000000000000000e+00
9.183999999999999275e+00,nan,1.000000081401490604e-02,0.000000000000000000e+00
9.199999999999999289e+00,nan,1.000001622642283233e-02,0.000000000000000000e+00
9.215999999999999304e+00,nan,1.000001622642283407e-02,0.000000000000000000e+00
9.231999999999999318e+00,nan,1.000000081401490777e-02,0.000000000000000000e+00
9.247999999999999332e+00,nan,1.000000081401490604e-02,0.000000000000000000e+00
9.263999999999999346e+00,nan,1.000004700797730260e-02,0.000000000000000000e+00
9.279999999999999361e+00,nan,1.000281582581110003e-02,0.000000000000000000e+00
9.295999999999999375e+00,nan,1.646758759311300543e-02,0.000000000000000000e+00
9.311999999999999389e+00,nan,9.203757081218101599e-02,0.000000000000000000e+00
9.327999999999999403e+00,nan,4.768699308253103453e-02,0.000000000000000000e+00
9.343999999999999417e+00,nan,1.000281582581110003e-02,0.000000000000000000e+00
9.359999999999999432e+00,nan,1.000001622642283580e-02,0.000000000000000000e+00
9.375999999999999446e+00,nan,1.000000287110036808e-02,0.000000000000000000e+00
9.391999999999999460e+00,nan,1.000000287110036634e-02,0.000000000000000000e+00
9.407999999999999474e+00,nan,1.000000521622944859e-02,0.000000000000000000e+00
9.423999999999999488e+00,nan,1.000000521622944685e-02,0.000000000000000000e+00
9.439999999999999503e+00,nan,1.000000521622945032e-02,0.000000000000000000e+00
9.455999999999999517e+00,nan,1.000004700797730260e-02,0.000000000000000000e+00
9.471999999999999531e+00,nan,1.000032860450165810e-02,0.000000000000000000e+00
9.487999999999999545e+00,nan,1.000123296498611758e-02,0.000000000000000000e+00
9.503999999999999559e+00,nan,1.000187304601255281e-02,0.000000000000000000e+00
9.519999999999999574e+00,nan,1.000000928748663066e-02,0.000000000000000000e+00
9.535999999999999588e+00,nan,1.000012784469639891e-02,0.000000000000000000e+00
9.551999999999999602e+00,1.270307958964519628e+02,1.000617855533408006e-02,0.000000000000000000e+00
9.567999999999999616e+00,1.234144757235675058e+02,1.185350539468341298e-02,0.000000000000000000e+00
9.583999999999999631e+00,1.241294085083541603e+02,1.085797707287450009e-01,0.000000000000000000e+00
9.599999999999999645e+00,1.255717227602299175e+02,4.768699308253104147e-02,0.000000000000000000e+00
9.615999999999999659e+00,1.315105272392499387e+02,1.240312479355134764e-02,0.000000000000000000e+00
9.631999999999999673e+00,1.307530823388209456e+02,1.646758759311300890e-02,0.000000000000000000e+00
9.647999999999999687e+00,1.307530823388209456e+02,1.646758759311301237e-02,0.000000000000000000e+00
9.663999999999999702e+00,1.307530823388209456e+02,1.818737573491218534e-02,0.000000000000000000e+00
9.679999999999999716e+00,1.307530823388209456e+02,1.508558729750433813e-02,0.000000000000000000e+00
9.695999999999999730e+00,1.315105272392499387e+02,1.240312479355134764e-02,0.000000000000000000e+00
9.711999999999999744e+00,1.315105272392499387e+02,1.142233425070907256e-02,0.000000000000000000e+00
9.727999999999999758e+00,1.315105272392499387e+02,1.240312479354971527e-02,0.000000000000000000e+00
9.743999999999999773e+00,1.292512550962811702e+02,1.240305657907520530e-02,0.000000000000000000e+00
9.759999999999999787e+00,1.262991523499687645e+02,1.000281582581110176e-02,0.000000000000000000e+00
9.775999999999999801e+00,1.292512550962811702e+02,1.000080278092725476e-02,0.000000000000000000e+00
9.791999999999999815e+00,1.300000000000000000e+02,1.000000000007539996e-02,0.000000000000000000e+00
9.807999999999999829e+00,1.345844400993790941e+02,1.000080278092725476e-02,0.000000000000000000e+00
9.823999999999999844e+00,1.322723599733492108e+02,1.398021038018592600e-02,0.000000000000000000e+00
9.839999999999999858e+00,1.322723599733492108e+02,4.069733156888105663e-02,0.000000000000000000e+00
9.855999999999999872e+00,1.322723599733492108e+02,6.608151270920702147e-02,0.000000000000000000e+00
9.871999999999999886e+00,1.315105272392499387e+02,6.608151270920702147e-02,0.000000000000000000e+00
9.887999999999999901e+00,1.315105272392499387e+02,5.607139544589262448e-02,0.000000000000000000e+00
9.903999999999999915e+00,1.315105272392499387e+02,4.768699308253104147e-02,0.000000000000000000e+00
9.919999999999999929e+00,1.315105272392499387e+02,7.797523762294819583e-02,0.000000000000000000e+00
9.935999999999999943e+00,1.315105272392499387e+02,9.203757081218102987e-02,0.000000000000000000e+00
9.951999999999999957e+00,1.307530823388209456e+02,2.616802860893575194e-02,0.000000000000000000e+00
9.967999999999999972e+00,1.292512550962811702e+02,1.240312479355134764e-02,0.000000000000000000e+00
9.983999999999999986e+00,1.241294085083541603e+02,1.025905055977886261e-02,0.000000000000000000e+00
1.000000000000000000e+01,1.192105256166072564e+02,1.019107549696830935e-02,0.000000000000000000e+00
1.001600000000000001e+01,nan,1.000187304601255107e-02,0.000000000000000000e+00
1.003200000000000003e+01,nan,1.000000004772601953e-02,0.000000000000000000e+00
1.004800000000000004e+01,nan,1.000000154655429803e-02,0.000000000000000000e+00
1.006400000000000006e+01,nan,1.000051671960452276e-02,0.000000000000000000e+00
1.008000000000000007e+01,nan,1.010197459374499035e-02,0.000000000000000000e+00
1.009600000000000009e+01,nan,1.000000287110036634e-02,0.000000000000000000e+00
1.011200000000000010e+01,nan,1.000000154655429803e-02,0.000000000000000000e+00
1.012800000000000011e+01,nan,1.000000041792507670e-02,0.000000000000000000e+00
1.014400000000000013e+01,nan,1.000000154655429456e-02,0.000000000000000000e+00
1.016000000000000014e+01,nan,1.000000000022191297e-02,0.000000000000000000e+00
1.017600000000000016e+01,nan,1.000000002170159039e-02,0.000000000000000000e+00
1.019200000000000017e+01,nan,1.000000000399662095e-02,0.000000000000000000e+00
1.020800000000000018e+01,nan,1.000000000399662095e-02,0.000000000000000000e+00
1.022400000000000020e+01,nan,1.000000000022191297e-02,0.000000000000000000e+00
1.024000000000000021e+01,nan,1.000012784523254122e-02,0.000000000000000000e+00
1.025600000000000023e+01,nan,1.002672467381077008e-02,0.000000000000000000e+00
1.027200000000000024e+01,nan,1.000032860450165983e-02,0.000000000000000000e+00
1.028800000000000026e+01,nan,1.000000928748663066e-02,0.000000000000000000e+00
1.030400000000000027e+01,1.345844400993790941e+02,1.000000041792507670e-02,0.000000000000000000e+00
1.032000000000000028e+01,1.353640798295248544e+02,1.000000928748663066e-02,0.000000000000000000e+00
1.033600000000000030e+01,1.353640798295248544e+02,1.000000928748663240e-02,0.000000000000000000e+00
1.035200000000000031e+01,1.353640798295248544e+02,1.000032860450165810e-02,0.000000000000000000e+00
1.036800000000000033e+01,1.353640798295248544e+02,1.000419105278922173e-02,0.000000000000000000e+00
1.038400000000000034e+01,1.361482359666814830e+02,1.002672430868590397e-02,0.000000000000000000e+00
1.040000000000000036e+01,1.361482359666814830e+02,1.025905047118827809e-02,0.000000000000000000e+00
1.041600000000000037e+01,1.361482359666814830e+02,1.142233425068824547e-02,0.000000000000000000e+00
1.043200000000000038e+01,1.361482359666814830e+02,1.240312479355134764e-02,0.000000000000000000e+00
1.044800000000000040e+01,1.361482359666814830e+02,1.398021038018592774e-02,0.000000000000000000e+00
1.046400000000000041e+01,1.361482359666814830e+02,3.010686179419501743e-02,0.000000000000000000e+00
1.048000000000000043e+01,1.369369346741286506e+02,4.069733156888104275e-02,0.000000000000000000e+00
1.049600000000000044e+01,1.377302022667084032e+02,1.818737573491218187e-02,0.000000000000000000e+00
1.051200000000000045e+01,1.393305501297181195e+02,1.398021038018592774e-02,0.000000000000000000e+00
1.052800000000000047e+01,1.393305501297181195e+02,2.294421912463860333e-02,0.000000000000000000e+00
1.054400000000000048e+01,1.393305501297181195e+02,2.031762855636057991e-02,0.000000000000000000e+00
1.056000000000000050e+01,1.393305501297181195e+02,1.398021038018592774e-02,0.000000000000000000e+00
1.057600000000000051e+01,1.393305501297181195e+02,1.082446372823416686e-02,0.000000000000000000e+00
1.059200000000000053e+01,1.393305501297181195e+02,1.007375176428288409e-02,0.000000000000000000e+00
1.060800000000000054e+01,1.385280652117029376e+02,1.108579188840722908e-02,0.000000000000000000e+00
1.062400000000000055e+01,1.385280652117029376e+02,1.646758759291918478e-02,0.000000000000000000e+00
1.064000000000000057e+01,nan,1.034905513337584446e-02,0.000000000000000000e+00
1.065600000000000058e+01,nan,1.000012784523254122e-02,0.000000000000000000e+00
1.067200000000000060e+01,nan,1.000032860450165983e-02,0.000000000000000000e+00
1.068800000000000061e+01,1.385280652117029376e+02,1.000000020889274359e-02,0.000000000000000000e+00
1.070400000000000063e+01,1.401376837955711494e+02,1.000187304601254934e-02,0.000000000000000000e+00
1.072000000000000064e+01,1.417660052464835019e+02,1.046753361706990494e-02,0.000000000000000000e+00
1.073600000000000065e+01,1.409494931391843977e+02,2.294421912463860333e-02,0.000000000000000000e+00
1.075200000000000067e+01,1.409494931391843977e+02,4.069733156888106357e-02,0.000000000000000000e+00
1.076800000000000068e+01,1.409494931391843977e+02,4.069733156888106357e-02,0.000000000000000000e+00
1.078400000000000070e+01,1.409494931391843977e+02,3.489742801962526092e-02,0.000000000000000000e+00
1.080000000000000071e+01,1.409494931391843977e+02,3.010686179419501049e-02,0.000000000000000000e+00
1.081600000000000072e+01,1.409494931391843977e+02,3.489742801962526786e-02,0.000000000000000000e+00
1.083200000000000074e+01,1.409494931391843977e+02,6.608151270920703535e-02,0.000000000000000000e+00
1.084800000000000075e+01,1.401376837955711494e+02,3.010686179419500355e-02,0.000000000000000000e+00
1.086400000000000077e+01,1.393305501297181195e+02,1.025905055977886435e-02,0.000000000000000000e+00
1.088000000000000078e+01,1.270307958964519628e+02,1.001876450976913954e-02,0.000000000000000000e+00
1.089600000000000080e+01,1.144865635674993030e+02,1.000002785026228580e-02,0.000000000000000000e+00
1.091200000000000081e+01,nan,1.000000000399662269e-02,0.000000000000000000e+00
1.092800000000000082e+01,nan,1.000080278092725476e-02,0.000000000000000000e+00
1.094400000000000084e+01,nan,1.010197459374499035e-02,0.000000000000000000e+00
1.096000000000000085e+01,1.285068226458764968e+02,1.019107549696831282e-02,0.000000000000000000e+00
1.097600000000000087e+01,1.292512550962811702e+02,1.034740620666333051e-02,0.000000000000000000e+00
1.099200000000000088e+01,1.292512550962811702e+02,1.025904920901227028e-02,0.000000000000000000e+00
1.100799999999999912e+01,1.300000000000000000e+02,1.034905513337584619e-02,0.000000000000000000e+00
1.102399999999999913e+01,1.307530823388209456e+02,1.142233425070907603e-02,0.000000000000000000e+00
1.103999999999999915e+01,1.315105272392499387e+02,2.031762855636058338e-02,0.000000000000000000e+00
1.105599999999999916e+01,1.307530823388209456e+02,5.607139544589261754e-02,0.000000000000000000e+00
1.107199999999999918e+01,1.315105272392499387e+02,1.279370863012903592e-01,0.000000000000000000e+00
1.108799999999999919e+01,1.307530823388209456e+02,2.407543944755743126e-01,0.000000000000000000e+00
1.110399999999999920e+01,1.307530823388209456e+02,3.233360583906409458e-01,0.000000000000000000e+00
1.111999999999999922e+01,1.300000000000000000e+02,3.721358982975087049e-01,0.000000000000000000e+00
1.113599999999999923e+01,1.307530823388209456e+02,2.796051653363588740e-01,0.000000000000000000e+00
1.115199999999999925e+01,1.315105272392499387e+02,5.607139544589263835e-02,0.000000000000000000e+00
1.116799999999999926e+01,1.315105272392499387e+02,4.069733156888104969e-02,0.000000000000000000e+00
1.118399999999999928e+01,1.315105272392499387e+02,3.489742801962525398e-02,0.000000000000000000e+00
1.119999999999999929e+01,1.315105272392499387e+02,2.616802860893574847e-02,0.000000000000000000e+00
1.121599999999999930e+01,1.322723599733492108e+02,1.818737573491218187e-02,0.000000000000000000e+00
1.123199999999999932e+01,1.322723599733492108e+02,1.185350539468341471e-02,0.000000000000000000e+00
1.124799999999999933e+01,1.322723599733492108e+02,1.010197459374499035e-02,0.000000000000000000e+00
1.126399999999999935e+01,1.315105272392499387e+02,1.007375176428288409e-02,0.000000000000000000e+00
1.127999999999999936e+01,1.307530823388209456e+02,1.003776550292968979e-02,0.000000000000000000e+00
1.129599999999999937e+01,1.248484828566305538e+02,1.001876450976914128e-02,0.000000000000000000e+00
1.131199999999999939e+01,1.138271694827650720e+02,1.001306884623897470e-02,0.000000000000000000e+00
1.132799999999999940e+01,1.068197408961527373e+02,1.108579188894337313e-02,0.000000000000000000e+00
1.134399999999999942e+01,1.062045044606715010e+02,4.069733156888105663e-02,0.000000000000000000e+00
1.135999999999999943e+01,1.014084793817385446e+02,1.310026255051339496e-02,0.000000000000000000e+00
1.137599999999999945e+01,9.852157682317586307e+01,1.002672467381076835e-02,0.000000000000000000e+00
1.139199999999999946e+01,9.852157682317586307e+01,1.000419105279527071e-02,0.000000000000000000e+00
1.140799999999999947e+01,nan,1.000617855533407832e-02,0.000000000000000000e+00
1.142399999999999949e+01,nan,1.002672467381077008e-02,0.000000000000000000e+00
1.143999999999999950e+01,nan,1.007375176428288235e-02,0.000000000000000000e+00
1.145599999999999952e+01,nan,1.082446372823416686e-02,0.000000000000000000e+00
1.147199999999999953e+01,nan,1.108579188894337313e-02,0.000000000000000000e+00
1.148799999999999955e+01,nan,1.185350539468341124e-02,0.000000000000000000e+00
1.150399999999999956e+01,nan,1.082446372823416686e-02,0.000000000000000000e+00
1.151999999999999957e+01,nan,1.019107549696831282e-02,0.000000000000000000e+00
1.153599999999999959e+01,nan,1.010197459374498861e-02,0.000000000000000000e+00
1.155199999999999960e+01,nan,1.007375176428288409e-02,0.000000000000000000e+00
1.156799999999999962e+01,nan,1.005296754596585879e-02,0.000000000000000000e+00
1.158399999999999963e+01,nan,1.000902549334298577e-02,0.000000000000000000e+00
1.159999999999999964e+01,nan,1.000000020889274359e-02,0.000000000000000000e+00
1.161599999999999966e+01,nan,1.000000081401490604e-02,0.000000000000000000e+00
1.163199999999999967e+01,nan,1.000000020889274359e-02,0.000000000000000000e+00
1.164799999999999969e+01,nan,1.000020633903134053e-02,0.000000000000000000e+00
1.166399999999999970e+01,nan,1.003776550292968806e-02,0.000000000000000000e+00
1.167999999999999972e+01,nan,1.019107549696831108e-02,0.000000000000000000e+00
1.169599999999999973e+01,nan,1.025905055977886088e-02,0.000000000000000000e+00
1.171199999999999974e+01,nan,1.022603552961579357e-02,0.000000000000000000e+00
1.172799999999999976e+01,nan,1.058965245330216118e-02,0.000000000000000000e+00
1.174399999999999977e+01,nan,1.371906661732957486e-02,0.000000000000000000e+00
1.175999999999999979e+01,nan,2.253055086971706214e-04,0.000000000000000000e+00
1.177599999999999980e+01,nan,4.813843047319995872e-06,0.000000000000000000e+00
1.179199999999999982e+01,nan,1.658732315303224412e-07,0.000000000000000000e+00
1.180799999999999983e+01,nan,1.000012649441269809e-02,0.000000000000000000e+00
1.182399999999999984e+01,nan,1.000123296498448867e-02,0.000000000000000000e+00
1.183999999999999986e+01,nan,1.000020633903134053e-02,0.000000000000000000e+00
1.185599999999999987e+01,nan,1.000051671960442909e-02,0.000000000000000000e+00
1.187199999999999989e+01,nan,1.000617855533244768e-02,0.000000000000000000e+00
1.188799999999999990e+01,nan,1.007375176427683684e-02,0.000000000000000000e+00
1.190399999999999991e+01,nan,1.082446372821333457e-02,0.000000000000000000e+00
1.191999999999999993e+01,nan,1.310026255044753965e-02,0.000000000000000000e+00
1.193599999999999994e+01,nan,1.240312479353051708e-02,0.000000000000000000e+00
1.195199999999999996e+01,nan,1.185350539468178060e-02,0.000000000000000000e+00
1.196799999999999997e+01,nan,1.240312479355125223e-02,0.000000000000000000e+00
1.198399999999999999e+01,nan,1.508558729750433813e-02,0.000000000000000000e+00
1.200000000000000000e+01,nan,1.646758759311300890e-02,0.000000000000000000e+00
1.201600000000000001e+01,nan,1.398021038018592774e-02,0.000000000000000000e+00
1.203200000000000003e+01,nan,1.240312479355134591e-02,0.000000000000000000e+00
1.204800000000000004e+01,nan,1.014004604470406835e-02,0.000000000000000000e+00
1.206400000000000006e+01,1.074385413600475090e+02,1.000007810228032389e-02,0.000000000000000000e+00
1.208000000000000007e+01,1.080609264985624094e+02,1.000419105279527071e-02,0.000000000000000000e+00
1.209600000000000009e+01,1.049846416840054673e+02,1.000902549334298577e-02,0.000000000000000000e+00
1.211200000000000010e+01,1.019959327265775926e+02,1.003776550292968806e-02,0.000000000000000000e+00
1.212800000000000011e+01,9.852157682317586307e+01,1.082446372823416686e-02,0.000000000000000000e+00
1.214400000000000013e+01,9.516557023646565483e+01,4.069733156888105663e-02,0.000000000000000000e+00
1.216000000000000014e+01,9.192388155425118157e+01,2.796051653363588740e-01,0.000000000000000000e+00
1.217600000000000016e+01,9.034468428975191046e+01,2.407543944755742849e-01,0.000000000000000000e+00
1.219200000000000017e+01,8.828120884877588992e+01,1.765306086328975732e-01,0.000000000000000000e+00
1.220800000000000018e+01,8.726721268071712245e+01,1.765306086328975732e-01,0.000000000000000000e+00
1.222400000000000020e+01,8.380907004857263587e+01,1.765306086328975732e-01,0.000000000000000000e+00
1.224000000000000021e+01,7.774624791293123849e+01,4.768699308253103453e-02,0.000000000000000000e+00
1.225600000000000023e+01,7.597052115648095594e+01,1.310026255051339496e-02,0.000000000000000000e+00
1.227200000000000024e+01,7.685325609176463502e+01,1.005296754596585705e-02,0.000000000000000000e+00
1.228800000000000026e+01,7.641061390843456991e+01,1.000123296498611931e-02,0.000000000000000000e+00
1.230400000000000027e+01,7.597052115648095594e+01,1.000000154655429629e-02,0.000000000000000000e+00
1.232000000000000028e+01,6.500000000000000000e+01,1.000000041792507670e-02,0.000000000000000000e+00
1.233600000000000030e+01,nan,1.000000000000043909e-02,0.000000000000000000e+00
1.235200000000000031e+01,nan,1.000004700797730087e-02,0.000000000000000000e+00
1.236800000000000033e+01,nan,1.000051671960452450e-02,0.000000000000000000e+00
1.238400000000000034e+01,nan,1.000000002170159212e-02,0.000000000000000000e+00
1.240000000000000036e+01,nan,1.000000010142939634e-02,0.000000000000000000e+00
1.241600000000000037e+01,nan,1.000000000950596740e-02,0.000000000000000000e+00
1.243200000000000038e+01,nan,1.000000000000692522e-02,0.000000000000000000e+00
1.244800000000000040e+01,nan,1.000000000007539996e-02,0.000000000000000000e+00
1.246400000000000041e+01,nan,1.000000000000010950e-02,0.000000000000000000e+00
1.248000000000000043e+01,nan,1.000000000000000021e-02,0.000000000000000000e+00
1.249600000000000044e+01,nan,1.000000000000000021e-02,0.000000000000000000e+00
1.251200000000000045e+01,nan,1.000000000000000021e-02,0.000000000000000000e+00
1.252800000000000047e+01,nan,1.000000000000000021e-02,0.000000000000000000e+00
1.254400000000000048e+01,nan,1.000000000000000021e-02,0.000000000000000000e+00
1.256000000000000050e+01,nan,1.000000000000000021e-02,0.000000000000000000e+00
1.257600000000000051e+01,7.129362368015068796e+01,1.000000000000000021e-02,0.000000000000000000e+00
1.259200000000000053e+01,7.423535205520015268e+01,1.000000000000000021e-02,0.000000000000000000e+00
1.260800000000000054e+01,7.006884189778557470e+01,1.000000020889274359e-02,0.000000000000000000e+00
1.262400000000000055e+01,6.926403260585146882e+01,1.000000928748663066e-02,0.000000000000000000e+00
1.264000000000000057e+01,6.966527506485905974e+01,1.000002785026228580e-02,0.000000000000000000e+00
1.265600000000000058e+01,6.926403260585146882e+01,1.000001622642283580e-02,0.000000000000000000e+00
1.267200000000000060e+01,6.926403260585146882e+01,1.000001622642283580e-02,0.000000000000000000e+00
1.268800000000000061e+01,6.926403260585146882e+01,1.000000287110036808e-02,0.000000000000000000e+00
1.270400000000000063e+01,6.926403260585146882e+01,1.000000287110036808e-02,0.000000000000000000e+00
1.272000000000000064e+01,6.886510113335420158e+01,1.000000020889274359e-02,0.000000000000000000e+00
1.273600000000000065e+01,6.886510113335420158e+01,1.000000000000186677e-02,0.000000000000000000e+00
1.275200000000000067e+01,nan,1.000000000000186851e-02,0.000000000000000000e+00
1.276800000000000068e+01,nan,1.000000000000000021e-02,0.000000000000000000e+00
1.278400000000000070e+01,nan,1.000000000000010950e-02,0.000000000000000000e+00
1.280000000000000071e+01,nan,1.000000000000010950e-02,0.000000000000000000e+00
1.281600000000000072e+01,nan,1.000000000000010950e-02,0.000000000000000000e+00
1.283200000000000074e+01,nan,1.000000000002385092e-02,0.000000000000000000e+00
1.284800000000000075e+01,nan,1.000000010142939634e-02,0.000000000000000000e+00
1.286400000000000077e+01,nan,1.000047497078449497e-02,0.000000000000000000e+00
1.288000000000000078e+01,nan,1.000902549334298577e-02,0.000000000000000000e+00
1.289600000000000080e+01,nan,1.000000000000692522e-02,0.000000000000000000e+00
1.291200000000000081e+01,nan,2.022092866831788819e-13,0.000000000000000000e+00
1.292800000000000082e+01,nan,1.142233425070907429e-02,0.000000000000000000e+00
1.294400000000000084e+01,nan,1.508558729750433640e-02,0.000000000000000000e+00
1.296000000000000085e+01,nan,1.240312479355134764e-02,0.000000000000000000e+00
1.297600000000000087e+01,nan,1.034905513337584446e-02,0.000000000000000000e+00
1.299200000000000088e+01,1.292512550962811702e+02,1.007375176428288409e-02,0.000000000000000000e+00
1.300799999999999912e+01,1.300000000000000000e+02,1.007375176428288409e-02,0.000000000000000000e+00
1.302399999999999913e+01,1.300000000000000000e+02,1.062260904091153271e-02,0.000000000000000000e+00
1.303999999999999915e+01,1.292512550962811702e+02,2.031762855636058338e-02,0.000000000000000000e+00
1.305599999999999916e+01,1.315105272392499387e+02,3.233360583906407792e-01,0.000000000000000000e+00
1.307199999999999918e+01,1.315105272392499387e+02,4.260623290432817289e-01,0.000000000000000000e+00
1.308799999999999919e+01,1.315105272392499387e+02,4.260623290432817289e-01,0.000000000000000000e+00
1.310399999999999920e+01,1.315105272392499387e+02,4.849868077159112389e-01,0.000000000000000000e+00
1.311999999999999922e+01,1.315105272392499387e+02,7.571601330199091429e-01,1.000000000000000000e+00
1.313599999999999923e+01,1.315105272392499387e+02,6.860828109301793098e-01,0.000000000000000000e+00
1.315199999999999925e+01,1.315105272392499387e+02,5.485250542599844348e-01,0.000000000000000000e+00
1.316799999999999926e+01,1.315105272392499387e+02,2.796051653363588185e-01,0.000000000000000000e+00
1.318399999999999928e+01,1.315105272392499387e+02,2.407543944755742571e-01,0.000000000000000000e+00
1.319999999999999929e+01,1.315105272392499387e+02,2.065067991177522433e-01,0.000000000000000000e+00
1.321599999999999930e+01,1.315105272392499387e+02,1.504646013433387497e-01,0.000000000000000000e+00
1.323199999999999932e+01,1.315105272392499387e+02,9.203757081218102987e-02,0.000000000000000000e+00
1.324799999999999933e+01,1.315105272392499387e+02,7.797523762294819583e-02,0.000000000000000000e+00
1.326399999999999935e+01,1.315105272392499387e+02,7.797523762294819583e-02,0.000000000000000000e+00
1.327999999999999936e+01,1.315105272392499387e+02,6.608151270920700759e-02,0.000000000000000000e+00
1.329599999999999937e+01,1.315105272392499387e+02,2.616802860893575194e-02,0.000000000000000000e+00
1.331199999999999939e+01,1.315105272392499387e+02,1.003776550292968806e-02,0.000000000000000000e+00
1.332799999999999940e+01,1.093165339829828895e+02,4.069733156888105663e-02,0.000000000000000000e+00
1.334399999999999942e+01,1.093165339829828895e+02,1.504646013433388052e-01,0.000000000000000000e+00
1.335999999999999943e+01,1.093165339829828895e+02,2.031762855636058338e-02,0.000000000000000000e+00
1.337599999999999945e+01,nan,1.000001622642283580e-02,0.000000000000000000e+00
1.339199999999999946e+01,1.393305501297181195e+02,1.000419105279527071e-02,0.000000000000000000e+00
1.340799999999999947e+01,1.393305501297181195e+02,1.046753361706990668e-02,0.000000000000000000e+00
1.342399999999999949e+01,1.401376837955711494e+02,1.508558729750433466e-02,0.000000000000000000e+00
1.343999999999999950e+01,1.401376837955711494e+02,3.489742801962526092e-02,0.000000000000000000e+00
1.345599999999999952e+01,1.401376837955711494e+02,6.608151270920699372e-02,0.000000000000000000e+00
1.347199999999999953e+01,1.401376837955711494e+02,1.279370863012903869e-01,0.000000000000000000e+00
1.348799999999999955e+01,1.401376837955711494e+02,2.407543944755743126e-01,0.000000000000000000e+00
1.350399999999999956e+01,1.401376837955711494e+02,4.260623290432817289e-01,0.000000000000000000e+00
1.351999999999999957e+01,1.393305501297181195e+02,4.849868077159113500e-01,0.000000000000000000e+00
1.353599999999999959e+01,1.393305501297181195e+02,5.485250542599843238e-01,0.000000000000000000e+00
1.355199999999999960e+01,1.393305501297181195e+02,4.849868077159112945e-01,0.000000000000000000e+00
1.356799999999999962e+01,1.385280652117029376e+02,6.159498854580675031e-01,0.000000000000000000e+00
1.358399999999999963e+01,1.385280652117029376e+02,6.159498854580677252e-01,0.000000000000000000e+00
1.359999999999999964e+01,1.377302022667084032e+02,5.485250542599842127e-01,0.000000000000000000e+00
1.361599999999999966e+01,1.377302022667084032e+02,3.721358982975087049e-01,0.000000000000000000e+00
1.363199999999999967e+01,1.369369346741286506e+02,2.407543944755742293e-01,0.000000000000000000e+00
1.364799999999999969e+01,1.353640798295248544e+02,2.796051653363588740e-01,0.000000000000000000e+00
1.366399999999999970e+01,1.345844400993790941e+02,2.065067991177522710e-01,0.000000000000000000e+00
1.367999999999999972e+01,1.330386059595807353e+02,2.796051653363588185e-01,0.000000000000000000e+00
1.369599999999999973e+01,1.322723599733492108e+02,2.065067991177522710e-01,0.000000000000000000e+00
1.371199999999999974e+01,1.315105272392499387e+02,2.407543944755742849e-01,0.000000000000000000e+00
1.372799999999999976e+01,1.307530823388209456e+02,1.279370863012903592e-01,0.000000000000000000e+00
1.374399999999999977e+01,1.300000000000000000e+02,1.085797707287449454e-01,0.000000000000000000e+00
1.375999999999999979e+01,1.292512550962811702e+02,2.407543944755743404e-01,0.000000000000000000e+00
1.377599999999999980e+01,1.285068226458764968e+02,2.796051653363588740e-01,0.000000000000000000e+00
1.379199999999999982e+01,1.277666778108826406e+02,2.796051653363588740e-01,0.000000000000000000e+00
1.380799999999999983e+01,1.270307958964519628e+02,3.721358982975087049e-01,0.000000000000000000e+00
1.382399999999999984e+01,1.262991523499687645e+02,2.065067991177522988e-01,0.000000000000000000e+00
1.383999999999999986e+01,1.255717227602299175e+02,7.797523762294818195e-02,0.000000000000000000e+00
1.385599999999999987e+01,1.248484828566305538e+02,2.294421912463860333e-02,0.000000000000000000e+00
1.387199999999999989e+01,1.234144757235675058e+02,1.082446372823416512e-02,0.000000000000000000e+00
1.388799999999999990e+01,1.212942888997849593e+02,1.007375176428288409e-02,0.000000000000000000e+00
1.390399999999999991e+01,1.192105256166072564e+02,1.001876450976913954e-02,0.000000000000000000e+00
1.391999999999999993e+01,1.171625601394079297e+02,1.000902549334298404e-02,0.000000000000000000e+00
1.393599999999999994e+01,1.158168333582441107e+02,1.000902549334298577e-02,0.000000000000000000e+00
1.395199999999999996e+01,nan,1.001306884623897470e-02,0.000000000000000000e+00
1.396799999999999997e+01,nan,1.005296754596585705e-02,0.000000000000000000e+00
1.398399999999999999e+01,nan,1.019107549696831108e-02,0.000000000000000000e+00
1.400000000000000000e+01,nan,1.108579188894337139e-02,0.000000000000000000e+00
1.401600000000000001e+01,nan,1.108579188894337313e-02,0.000000000000000000e+00
1.403200000000000003e+01,nan,1.062260904091153271e-02,0.000000000000000000e+00
1.404800000000000004e+01,1.031810683779329594e+02,1.082446372823416686e-02,0.000000000000000000e+00
1.406400000000000006e+01,1.031810683779329594e+02,1.646758759311300543e-02,0.000000000000000000e+00
1.408000000000000007e+01,1.031810683779329594e+02,1.818737573491218187e-02,0.000000000000000000e+00
1.409600000000000009e+01,1.031810683779329594e+02,1.818737573491218534e-02,0.000000000000000000e+00
1.411200000000000010e+01,1.037787902263644924e+02,5.607139544589262448e-02,0.000000000000000000e+00
1.412800000000000011e+01,1.037787902263644924e+02,1.085797707287450009e-01,0.000000000000000000e+00
1.414400000000000013e+01,1.037787902263644924e+02,2.407543944755742571e-01,0.000000000000000000e+00
1.416000000000000014e+01,1.037787902263644924e+02,3.233360583906404462e-01,0.000000000000000000e+00
1.417600000000000016e+01,1.037787902263644924e+02,2.407543944755083931e-01,0.000000000000000000e+00
1.419200000000000017e+01,1.037787902263644924e+02,2.065067990760554306e-01,0.000000000000000000e+00
1.420800000000000018e+01,1.037787902263644924e+02,1.279370781868919282e-01,0.000000000000000000e+00
1.422400000000000020e+01,1.037787902263644924e+02,1.279369746039596967e-01,0.000000000000000000e+00
1.424000000000000021e+01,1.031810683779329594e+02,6.608144447188554760e-02,0.000000000000000000e+00
1.425600000000000023e+01,1.031810683779329594e+02,3.010685928187656346e-02,0.000000000000000000e+00
1.427200000000000024e+01,1.031810683779329594e+02,2.294421910563868017e-02,0.000000000000000000e+00
1.428800000000000026e+01,1.031810683779329594e+02,2.031762855636019827e-02,0.000000000000000000e+00
1.430400000000000027e+01,1.037787902263644924e+02,2.031762855636058338e-02,0.000000000000000000e+00
1.432000000000000028e+01,1.037787902263644924e+02,1.646758759311300543e-02,0.000000000000000000e+00
1.433600000000000030e+01,1.037787902263644924e+02,1.310026255051339669e-02,0.000000000000000000e+00
1.435200000000000031e+01,1.037787902263644924e+02,1.082446372823416512e-02,0.000000000000000000e+00
1.436800000000000033e+01,1.031810683779329594e+02,1.025905055977886088e-02,0.000000000000000000e+00
1.438400000000000034e+01,1.037787902263644924e+02,1.014004604470406835e-02,0.000000000000000000e+00
1.440000000000000036e+01,1.031810683779329594e+02,1.000617855533408006e-02,0.000000000000000000e+00
1.441600000000000037e+01,9.795413429584742460e+01,1.000000020889274359e-02,0.000000000000000000e+00
1.443200000000000038e+01,nan,1.000000000950558229e-02,0.000000000000000000e+00
1.444800000000000040e+01,nan,1.000000000948513684e-02,0.000000000000000000e+00
1.446400000000000041e+01,nan,1.000000000399652728e-02,0.000000000000000000e+00
1.448000000000000043e+01,nan,1.000000004772602473e-02,0.000000000000000000e+00
1.449600000000000044e+01,nan,1.000000154655429629e-02,0.000000000000000000e+00
1.451200000000000045e+01,1.292512550962811702e+02,1.000419105279527071e-02,0.000000000000000000e+00
1.452800000000000047e+01,1.300000000000000000e+02,1.025905055977886261e-02,0.000000000000000000e+00
1.454400000000000048e+01,1.307530823388209456e+02,1.310026255051339496e-02,0.000000000000000000e+00
1.456000000000000050e+01,1.307530823388209456e+02,3.489742801962526092e-02,0.000000000000000000e+00
1.457600000000000051e+01,1.307530823388209456e+02,6.608151270920702147e-02,0.000000000000000000e+00
1.459200000000000053e+01,1.307530823388209456e+02,1.504646013433387497e-01,0.000000000000000000e+00
1.460800000000000054e+01,1.307530823388209456e+02,2.796051653363588740e-01,0.000000000000000000e+00
1.462400000000000055e+01,1.307530823388209456e+02,4.849868077159112389e-01,0.000000000000000000e+00
1.464000000000000057e+01,1.307530823388209456e+02,6.860828109301791988e-01,0.000000000000000000e+00
1.465600000000000058e+01,1.307530823388209456e+02,6.159498854580677252e-01,0.000000000000000000e+00
1.467200000000000060e+01,1.307530823388209456e+02,6.860828109301790878e-01,0.000000000000000000e+00
1.468800000000000061e+01,1.307530823388209456e+02,6.860828109301793098e-01,0.000000000000000000e+00
1.470400000000000063e+01,1.307530823388209456e+02,6.860828109301789768e-01,0.000000000000000000e+00
1.472000000000000064e+01,1.307530823388209456e+02,6.860828109301790878e-01,0.000000000000000000e+00
1.473600000000000065e+01,1.307530823388209456e+02,6.159498854580677252e-01,0.000000000000000000e+00
1.475200000000000067e+01,1.307530823388209456e+02,4.849868077159112389e-01,0.000000000000000000e+00
1.476800000000000068e+01,1.307530823388209456e+02,2.796051653363588740e-01,0.000000000000000000e+00
1.478400000000000070e+01,1.307530823388209456e+02,6.608151270920702147e-02,0.000000000000000000e+00
1.480000000000000071e+01,nan,1.001876450976913954e-02,0.000000000000000000e+00
1.481600000000000072e+01,1.062045044606715010e+02,1.818737573491218187e-02,0.000000000000000000e+00
1.483200000000000074e+01,1.055928115263106122e+02,5.607139544589262448e-02,0.000000000000000000e+00
1.484800000000000075e+01,1.055928115263106122e+02,1.085797707287449732e-01,0.000000000000000000e+00
1.486400000000000077e+01,1.049846416840054673e+02,1.279370863012903592e-01,0.000000000000000000e+00
1.488000000000000078e+01,1.043799746422389347e+02,1.279370863012903592e-01,0.000000000000000000e+00
1.489600000000000080e+01,1.031810683779329594e+02,4.768699308253103453e-02,0.000000000000000000e+00
1.491200000000000081e+01,1.019959327265775926e+02,1.818737573491218187e-02,0.000000000000000000e+00
1.492800000000000082e+01,1.019959327265775926e+02,1.108579188894337313e-02,0.000000000000000000e+00
1.494400000000000084e+01,1.019959327265775926e+02,1.000902549334298577e-02,0.000000000000000000e+00
1.496000000000000085e+01,1.037787902263644924e+02,1.000051671960452450e-02,0.000000000000000000e+00
1.497600000000000087e+01,1.049846416840054673e+02,1.000080278092725476e-02,0.000000000000000000e+00
1.499200000000000088e+01,1.049846416840054673e+02,1.000187304601255107e-02,0.000000000000000000e+00
1.500799999999999912e+01,1.031810683779329594e+02,1.000617855533407832e-02,0.000000000000000000e+00
1.502399999999999913e+01,1.062045044606715010e+02,1.034905513337584446e-02,0.000000000000000000e+00
1.503999999999999915e+01,1.002437036515161424e+02,1.082446372823416686e-02,0.000000000000000000e+00
1.505599999999999916e+01,9.909230651162452830e+01,1.646758759311300543e-02,0.000000000000000000e+00
1.507199999999999918e+01,9.682903510297565219e+01,3.010686179419500702e-02,0.000000000000000000e+00
1.508799999999999919e+01,9.682903510297565219e+01,7.797523762294818195e-02,0.000000000000000000e+00
1.510399999999999920e+01,9.627134089862667565e+01,2.065067991177522988e-01,0.000000000000000000e+00
1.511999999999999922e+01,9.682903510297565219e+01,2.065067991177522710e-01,0.000000000000000000e+00
1.513599999999999923e+01,9.738995999698430239e+01,1.504646013433388330e-01,0.000000000000000000e+00
1.515199999999999925e+01,nan,1.398021038018592774e-02,0.000000000000000000e+00
1.516799999999999926e+01,nan,1.000187304601255107e-02,0.000000000000000000e+00
1.518399999999999928e+01,nan,1.000020633903134053e-02,0.000000000000000000e+00
1.519999999999999929e+01,nan,1.000012784523254122e-02,0.000000000000000000e+00
1.521599999999999930e+01,nan,1.000000041792507670e-02,0.000000000000000000e+00
1.523199999999999932e+01,nan,1.000281582581110003e-02,0.000000000000000000e+00
1.524799999999999933e+01,nan,1.000020633903134053e-02,0.000000000000000000e+00
1.526399999999999935e+01,nan,1.000080278092725476e-02,0.000000000000000000e+00
1.527999999999999936e+01,nan,1.000051671960452450e-02,0.000000000000000000e+00
1.529599999999999937e+01,nan,1.000902549334298577e-02,0.000000000000000000e+00
1.531199999999999939e+01,nan,1.000617855533407832e-02,0.000000000000000000e+00
1.532799999999999940e+01,nan,1.000000081401490430e-02,0.000000000000000000e+00
1.534399999999999942e+01,nan,1.000000000061385987e-02,0.000000000000000000e+00
1.535999999999999943e+01,nan,1.000000000007539996e-02,0.000000000000000000e+00
1.537599999999999945e+01,nan,1.000000000061385987e-02,0.000000000000000000e+00
1.539199999999999946e+01,nan,1.000000000061385987e-02,0.000000000000000000e+00
1.540799999999999947e+01,nan,1.000000002170159212e-02,0.000000000000000000e+00
1.542399999999999949e+01,nan,1.000000010142939634e-02,0.000000000000000000e+00
1.543999999999999950e+01,nan,1.000000004772602473e-02,0.000000000000000000e+00
1.545599999999999952e+01,nan,1.000000002170159212e-02,0.000000000000000000e+00
1.547199999999999953e+01,nan,1.000000004772602473e-02,0.000000000000000000e+00
1.548799999999999955e+01,nan,1.000000002170159212e-02,0.000000000000000000e+00
1.550399999999999956e+01,nan,1.000000002170159212e-02,0.000000000000000000e+00
1.551999999999999957e+01,nan,1.000000010142939634e-02,0.000000000000000000e+00
1.553599999999999959e+01,nan,1.000000000160603496e-02,0.000000000000000000e+00
1.555199999999999960e+01,nan,1.000000000022191297e-02,0.000000000000000000e+00
1.556799999999999962e+01,nan,1.000000010142939634e-02,0.000000000000000000e+00
1.558399999999999963e+01,nan,1.000000004772439235e-02,0.000000000000000000e+00
1.559999999999999964e+01,nan,1.000000000949992016e-02,0.000000000000000000e+00
1.561599999999999966e+01,nan,1.000000000950596740e-02,0.000000000000000000e+00
1.563199999999999967e+01,nan,1.000000000160603322e-02,0.000000000000000000e+00
1.564799999999999969e+01,nan,1.000000000160603496e-02,0.000000000000000000e+00
1.566399999999999970e+01,nan,1.000000000160603496e-02,0.000000000000000000e+00
1.567999999999999972e+01,nan,1.000000020889274359e-02,0.000000000000000000e+00
1.569599999999999973e+01,nan,1.000000000160603322e-02,0.000000000000000000e+00
1.571199999999999974e+01,nan,1.000000002170159212e-02,0.000000000000000000e+00
1.572799999999999976e+01,nan,1.000000002170159386e-02,0.000000000000000000e+00
1.574399999999999977e+01,nan,1.000000002170159212e-02,0.000000000000000000e+00
1.575999999999999979e+01,nan,1.000000000022191297e-02,0.000000000000000000e+00
1.577599999999999980e+01,nan,1.000000010142939634e-02,0.000000000000000000e+00
1.579199999999999982e+01,nan,1.000000004772602473e-02,0.000000000000000000e+00
1.580799999999999983e+01,nan,1.000000154655429629e-02,0.000000000000000000e+00
1.582399999999999984e+01,nan,1.000000154655429629e-02,0.000000000000000000e+00
1.583999999999999986e+01,nan,1.000000041792507670e-02,0.000000000000000000e+00
1.585599999999999987e+01,nan,1.000000041792507843e-02,0.000000000000000000e+00
1.587199999999999989e+01,nan,1.000000081401451919e-02,0.000000000000000000e+00
1.588799999999999990e+01,nan,1.000000081394905073e-02,0.000000000000000000e+00
1.590399999999999991e+01,nan,1.000020633072883428e-02,0.000000000000000000e+00
1.591999999999999993e+01,nan,1.000020625043934221e-02,0.000000000000000000e+00
1.593599999999999994e+01,nan,1.000051421188966408e-02,0.000000000000000000e+00
1.595199999999999996e+01,nan,1.000122840341668984e-02,0.000000000000000000e+00
1.596799999999999997e+01,nan,1.001306848115495786e-02,0.000000000000000000e+00
1.598399999999999999e+01,nan,1.001306882728471466e-02,0.000000000000000000e+00
1.600000000000000000e+01,nan,1.005296754456314577e-02,0.000000000000000000e+00
1.601599999999999824e+01,nan,1.003776550292968806e-02,0.000000000000000000e+00
1.603200000000000003e+01,nan,1.000002785026228580e-02,0.000000000000000000e+00
1.604799999999999827e+01,nan,1.000000000399662442e-02,0.000000000000000000e+00
1.606400000000000006e+01,nan,1.000000000399662269e-02,0.000000000000000000e+00
1.607999999999999829e+01,nan,1.000000000160603322e-02,0.000000000000000000e+00
1.609600000000000009e+01,nan,1.000000000007540170e-02,0.000000000000000000e+00
1.611199999999999832e+01,nan,1.000000000022191471e-02,0.000000000000000000e+00
1.612800000000000011e+01,nan,1.000000000000692522e-02,0.000000000000000000e+00
1.614399999999999835e+01,nan,1.000000000000043909e-02,0.000000000000000000e+00
1.616000000000000014e+01,nan,1.000000081401490604e-02,0.000000000000000000e+00
1.617599999999999838e+01,nan,1.000000020889274359e-02,0.000000000000000000e+00
1.619200000000000017e+01,nan,1.000000004772602473e-02,0.000000000000000000e+00
1.620799999999999841e+01,nan,1.000000928748663066e-02,0.000000000000000000e+00
1.622400000000000020e+01,nan,9.870506092826681937e-11,0.000000000000000000e+00
1.623999999999999844e+01,nan,3.956628313615253183e-08,0.000000000000000000e+00
1.625600000000000023e+01,nan,2.484466536180102531e-08,0.000000000000000000e+00
1.627199999999999847e+01,nan,5.660089494469219261e-09,0.000000000000000000e+00
1.628800000000000026e+01,nan,1.118278439084159138e-09,0.000000000000000000e+00
1.630399999999999849e+01,nan,3.353369487788873818e-09,0.000000000000000000e+00
1.632000000000000028e+01,nan,9.404069746520346566e-09,0.000000000000000000e+00
1.633599999999999852e+01,nan,9.667202662144378278e-08,0.000000000000000000e+00
1.635200000000000031e+01,nan,9.445008132633923378e-09,0.000000000000000000e+00
1.636799999999999855e+01,nan,5.733959198077805624e-09,0.000000000000000000e+00
1.638400000000000034e+01,nan,1.000001485656844789e-02,0.000000000000000000e+00
1.639999999999999858e+01,nan,1.000002776166998390e-02,0.000000000000000000e+00
1.641600000000000037e+01,nan,1.000002784677150869e-02,0.000000000000000000e+00
1.643199999999999861e+01,nan,1.000004700778348195e-02,0.000000000000000000e+00
1.644800000000000040e+01,nan,1.000004700797691576e-02,0.000000000000000000e+00
1.646399999999999864e+01,nan,1.000002785026228580e-02,0.000000000000000000e+00
1.648000000000000043e+01,nan,1.000000154655429456e-02,0.000000000000000000e+00
1.649599999999999866e+01,nan,1.000000002170159039e-02,0.000000000000000000e+00
1.651200000000000045e+01,nan,1.000000081400885879e-02,0.000000000000000000e+00
1.652799999999999869e+01,nan,1.000004699967480155e-02,0.000000000000000000e+00
1.654400000000000048e+01,nan,1.000051663101622287e-02,0.000000000000000000e+00
1.655999999999999872e+01,nan,1.000080269233895314e-02,0.000000000000000000e+00
1.657600000000000051e+01,nan,1.000123292330227197e-02,0.000000000000000000e+00
1.659199999999999875e+01,nan,1.000281580685695969e-02,0.000000000000000000e+00
1.660800000000000054e+01,nan,1.001876379880957922e-02,0.000000000000000000e+00
1.662399999999999878e+01,nan,1.005296503835051772e-02,0.000000000000000000e+00
1.664000000000000057e+01,nan,1.000418854517993138e-02,0.000000000000000000e+00
1.665599999999999881e+01,nan,1.000000072542653676e-02,0.000000000000000000e+00
1.667200000000000060e+01,nan,1.000000072391124366e-02,0.000000000000000000e+00
1.668799999999999883e+01,nan,1.865310644077439437e-10,0.000000000000000000e+00
1.670400000000000063e+01,nan,1.000000149548800621e-02,0.000000000000000000e+00
1.671999999999999886e+01,nan,1.000000484472946503e-02,0.000000000000000000e+00
1.673600000000000065e+01,nan,1.000000268556493904e-02,0.000000000000000000e+00
1.675199999999999889e+01,nan,1.000000020749002884e-02,0.000000000000000000e+00
1.676800000000000068e+01,nan,1.000000928695048662e-02,0.000000000000000000e+00
1.678399999999999892e+01,nan,1.000000928748058342e-02,0.000000000000000000e+00
1.680000000000000071e+01,nan,1.000000521622935144e-02,0.000000000000000000e+00
1.681599999999999895e+01,nan,1.000004700797730087e-02,0.000000000000000000e+00
1.683200000000000074e+01,nan,1.000020633903133706e-02,0.000000000000000000e+00
1.684799999999999898e+01,nan,1.000000081401490604e-02,0.000000000000000000e+00
1.686400000000000077e+01,nan,1.000419105279527071e-02,0.000000000000000000e+00
1.687999999999999901e+01,nan,1.000012784523254122e-02,0.000000000000000000e+00
1.689600000000000080e+01,nan,1.000001622642283754e-02,0.000000000000000000e+00
1.691199999999999903e+01,nan,1.000004700797730087e-02,0.000000000000000000e+00
1.692800000000000082e+01,nan,1.000001622642283407e-02,0.000000000000000000e+00
1.694399999999999906e+01,nan,1.000000287110036808e-02,0.000000000000000000e+00
1.696000000000000085e+01,nan,1.000000928748663240e-02,0.000000000000000000e+00
1.697599999999999909e+01,nan,1.000012784523244408e-02,0.000000000000000000e+00
1.699200000000000088e+01,nan,1.000004700795646857e-02,0.000000000000000000e+00
1.700799999999999912e+01,nan,1.000002785006846515e-02,0.000000000000000000e+00
1.702400000000000091e+01,nan,1.000004629534621825e-02,0.000000000000000000e+00
1.703999999999999915e+01,nan,6.715572147913849529e-10,0.000000000000000000e+00
1.705600000000000094e+01,nan,1.000000183603659554e-02,0.000000000000000000e+00
1.707199999999999918e+01,nan,1.000001620746858097e-02,0.000000000000000000e+00
1.708800000000000097e+01,nan,1.000000521622944859e-02,0.000000000000000000e+00
1.710399999999999920e+01,nan,1.000012784523254296e-02,0.000000000000000000e+00
1.712000000000000099e+01,nan,1.000051671960452103e-02,0.000000000000000000e+00
1.713599999999999923e+01,nan,1.003776550292968806e-02,0.000000000000000000e+00
1.715200000000000102e+01,nan,1.003776550292968806e-02,0.000000000000000000e+00
1.716799999999999926e+01,nan,1.001306884623897296e-02,0.000000000000000000e+00
1.718400000000000105e+01,nan,1.000007810228032562e-02,0.000000000000000000e+00
1.719999999999999929e+01,nan,1.000004700797730087e-02,0.000000000000000000e+00
1.721600000000000108e+01,nan,1.000000928748663240e-02,0.000000000000000000e+00
1.723199999999999932e+01,nan,1.000004700797730087e-02,0.000000000000000000e+00
1.724800000000000111e+01,nan,1.000080278092725476e-02,0.000000000000000000e+00
1.726399999999999935e+01,nan,1.000617855533407832e-02,0.000000000000000000e+00
1.728000000000000114e+01,nan,1.000617854703158074e-02,0.000000000000000000e+00
1.729599999999999937e+01,nan,1.007374720843484499e-02,0.000000000000000000e+00
1.731200000000000117e+01,nan,1.000032851591335821e-02,0.000000000000000000e+00
1.732799999999999940e+01,nan,1.000051671960452450e-02,0.000000000000000000e+00
1.734400000000000119e+01,nan,1.000007810228032042e-02,0.000000000000000000e+00
1.735999999999999943e+01,nan,1.000419105279527245e-02,0.000000000000000000e+00
1.737600000000000122e+01,8.777274650093235664e+01,1.000281582581109829e-02,0.000000000000000000e+00
1.739199999999999946e+01,8.777274650093235664e+01,1.002672467381077182e-02,0.000000000000000000e+00
1.740800000000000125e+01,8.828120884877588992e+01,1.005296754596585532e-02,0.000000000000000000e+00
1.742399999999999949e+01,8.777274650093235664e+01,1.007375176428288235e-02,0.000000000000000000e+00
1.744000000000000128e+01,8.828120884877588992e+01,1.025905055977886088e-02,0.000000000000000000e+00
1.745599999999999952e+01,8.828120884877588992e+01,1.142233425070907603e-02,0.000000000000000000e+00
1.747200000000000131e+01,8.777274650093235664e+01,1.398021038018592947e-02,0.000000000000000000e+00
1.748799999999999955e+01,8.828120884877588992e+01,1.646758759311301237e-02,0.000000000000000000e+00
1.750400000000000134e+01,8.777274650093235664e+01,2.294421912463860333e-02,0.000000000000000000e+00
1.751999999999999957e+01,8.777274650093235664e+01,3.010686179419501049e-02,0.000000000000000000e+00
1.753600000000000136e+01,8.777274650093235664e+01,4.768699308253105534e-02,0.000000000000000000e+00
1.755199999999999960e+01,8.726721268071712245e+01,6.608151270920700759e-02,0.000000000000000000e+00
1.756800000000000139e+01,8.676459052105222725e+01,1.504646013433387775e-01,0.000000000000000000e+00
1.758399999999999963e+01,8.676459052105222725e+01,2.065067991177521878e-01,0.000000000000000000e+00
1.760000000000000142e+01,8.676459052105222725e+01,1.504646013433387775e-01,0.000000000000000000e+00
1.761599999999999966e+01,8.726721268071712245e+01,5.607139544589263142e-02,0.000000000000000000e+00
1.763200000000000145e+01,nan,3.010686179419500702e-02,0.000000000000000000e+00
1.764799999999999969e+01,nan,2.294421912463859986e-02,0.000000000000000000e+00
1.766400000000000148e+01,nan,1.000617855533407832e-02,0.000000000000000000e+00
1.767999999999999972e+01,nan,1.000000154655429629e-02,0.000000000000000000e+00
1.769600000000000151e+01,nan,1.000004700797730087e-02,0.000000000000000000e+00
1.771199999999999974e+01,nan,1.000012784523254122e-02,0.000000000000000000e+00
1.772800000000000153e+01,nan,1.000012784523254296e-02,0.000000000000000000e+00
1.774399999999999977e+01,nan,1.000020633903134226e-02,0.000000000000000000e+00
1.776000000000000156e+01,nan,1.000051671960452450e-02,0.000000000000000000e+00
1.777599999999999980e+01,nan,1.000123296498611931e-02,0.000000000000000000e+00
1.779200000000000159e+01,nan,1.000187304601255281e-02,0.000000000000000000e+00
1.780799999999999983e+01,nan,1.007375176428288235e-02,0.000000000000000000e+00
1.782400000000000162e+01,nan,1.000001622642273692e-02,0.000000000000000000e+00
1.783999999999999986e+01,nan,1.000000928746580010e-02,0.000000000000000000e+00
1.785600000000000165e+01,nan,1.000000020882689002e-02,0.000000000000000000e+00
1.787199999999999989e+01,nan,1.000000002170159212e-02,0.000000000000000000e+00
1.788800000000000168e+01,nan,1.000000010142901297e-02,0.000000000000000000e+00
1.790399999999999991e+01,1.947799199939686048e+02,1.000281582581110003e-02,0.000000000000000000e+00
1.792000000000000171e+01,1.838477631085023631e+02,1.108579188894337313e-02,0.000000000000000000e+00
1.793599999999999994e+01,1.817360914432725281e+02,4.768699308253104147e-02,0.000000000000000000e+00
1.795200000000000173e+01,1.796486743958108718e+02,2.407543944755743126e-01,0.000000000000000000e+00
1.796799999999999997e+01,1.806893685795038493e+02,4.849868077159112945e-01,0.000000000000000000e+00
1.798400000000000176e+01,1.817360914432725281e+02,3.721358982975086493e-01,0.000000000000000000e+00
1.800000000000000000e+01,1.993326848070480821e+02,1.000000000000692522e-02,0.000000000000000000e+00
1.801599999999999824e+01,1.859839712165835692e+02,1.000000000399662269e-02,0.000000000000000000e+00
1.803200000000000003e+01,nan,1.000000000007539996e-02,0.000000000000000000e+00
1.804799999999999827e+01,1.315105272392499387e+02,1.000000000160603322e-02,0.000000000000000000e+00
1.806400000000000006e+01,1.315105272392499387e+02,1.000000004772602646e-02,0.000000000000000000e+00
1.807999999999999829e+01,1.315105272392499387e+02,1.000001622642283407e-02,0.000000000000000000e+00
1.809600000000000009e+01,1.315105272392499387e+02,1.000004700797730087e-02,0.000000000000000000e+00
1.811199999999999832e+01,1.315105272392499387e+02,1.000187304601255107e-02,0.000000000000000000e+00
1.812800000000000011e+01,1.315105272392499387e+02,1.003776550292968632e-02,0.000000000000000000e+00
1.814399999999999835e+01,1.315105272392499387e+02,1.014004604470406835e-02,0.000000000000000000e+00
1.816000000000000014e+01,1.307530823388209456e+02,1.007375176428288235e-02,0.000000000000000000e+00
1.817599999999999838e+01,1.234144757235675058e+02,1.010197459374499035e-02,0.000000000000000000e+00
1.819200000000000017e+01,1.212942888997849593e+02,1.310026255051339322e-02,0.000000000000000000e+00
1.820799999999999841e+01,1.164877534485538177e+02,9.203757081218102987e-02,0.000000000000000000e+00
1.822400000000000020e+01,1.158168333582441107e+02,6.608151270920703535e-02,0.000000000000000000e+00
1.823999999999999844e+01,1.138271694827650720e+02,1.000419105279527245e-02,0.000000000000000000e+00
1.825600000000000023e+01,nan,1.014004604470406835e-02,0.000000000000000000e+00
1.827199999999999847e+01,nan,1.240312479355134764e-02,0.000000000000000000e+00
1.828800000000000026e+01,1.315105272392499387e+02,1.240312479355134938e-02,0.000000000000000000e+00
1.830399999999999849e+01,1.315105272392499387e+02,2.031762855636058684e-02,0.000000000000000000e+00
1.832000000000000028e+01,1.315105272392499387e+02,3.489742801962526786e-02,0.000000000000000000e+00
1.833599999999999852e+01,1.315105272392499387e+02,3.489742801962527480e-02,0.000000000000000000e+00
1.835200000000000031e+01,1.315105272392499387e+02,5.607139544589261060e-02,0.000000000000000000e+00
1.836799999999999855e+01,1.315105272392499387e+02,1.765306086328975732e-01,0.000000000000000000e+00
1.838400000000000034e+01,1.307530823388209456e+02,2.796051653363588740e-01,0.000000000000000000e+00
1.839999999999999858e+01,1.307530823388209456e+02,3.721358982975087049e-01,0.000000000000000000e+00
1.841600000000000037e+01,1.307530823388209456e+02,2.065067991177522710e-01,0.000000000000000000e+00
1.843199999999999861e+01,1.307530823388209456e+02,4.768699308253104147e-02,0.000000000000000000e+00
1.844800000000000040e+01,1.307530823388209456e+02,5.607139544589263142e-02,0.000000000000000000e+00
1.846399999999999864e+01,1.307530823388209456e+02,4.069733156888106357e-02,0.000000000000000000e+00
1.848000000000000043e+01,1.307530823388209456e+02,3.489742801962526092e-02,0.000000000000000000e+00
1.849599999999999866e+01,1.315105272392499387e+02,2.294421912463859986e-02,0.000000000000000000e+00
1.851200000000000045e+01,1.315105272392499387e+02,1.508558729750433813e-02,0.000000000000000000e+00
1.852799999999999869e+01,1.315105272392499387e+02,1.082446372823416859e-02,0.000000000000000000e+00
1.854400000000000048e+01,1.315105272392499387e+02,1.046753361706990494e-02,0.000000000000000000e+00
1.855999999999999872e+01,1.307530823388209456e+02,1.000051671960452450e-02,0.000000000000000000e+00
1.857600000000000051e+01,nan,1.000000010140852935e-02,0.000000000000000000e+00
1.859199999999999875e+01,nan,8.401698809905107377e-16,0.000000000000000000e+00
1.860800000000000054e+01,nan,4.812284247550640252e-13,0.000000000000000000e+00
1.862399999999999878e+01,nan,1.000000000526480790e-02,0.000000000000000000e+00
1.864000000000000057e+01,nan,1.000000001121109650e-02,0.000000000000000000e+00
1.865599999999999881e+01,nan,1.000000005896894799e-02,0.000000000000000000e+00
1.867200000000000060e+01,nan,1.000000002841931572e-02,0.000000000000000000e+00
1.868799999999999883e+01,nan,1.000012784523254122e-02,0.000000000000000000e+00
1.870400000000000063e+01,nan,1.000020633903134053e-02,0.000000000000000000e+00
1.871999999999999886e+01,1.377302022667084032e+02,1.001306884623897470e-02,0.000000000000000000e+00
1.873600000000000065e+01,1.377302022667084032e+02,1.046753361706990494e-02,0.000000000000000000e+00
1.875199999999999889e+01,1.377302022667084032e+02,1.240312479355134764e-02,0.000000000000000000e+00
1.876800000000000068e+01,1.377302022667084032e+02,1.310026255051339496e-02,0.000000000000000000e+00
1.878399999999999892e+01,1.385280652117029376e+02,1.240312479355134764e-02,0.000000000000000000e+00
1.880000000000000071e+01,1.385280652117029376e+02,1.818737573491217840e-02,0.000000000000000000e+00
1.881599999999999895e+01,1.385280652117029376e+02,2.294421912463860333e-02,0.000000000000000000e+00
1.883200000000000074e+01,1.393305501297181195e+02,3.489742801962525398e-02,0.000000000000000000e+00
1.884799999999999898e+01,1.393305501297181195e+02,5.607139544589263142e-02,0.000000000000000000e+00
1.886400000000000077e+01,1.393305501297181195e+02,9.203757081218101599e-02,0.000000000000000000e+00
1.887999999999999901e+01,1.393305501297181195e+02,5.607139544589261754e-02,0.000000000000000000e+00
1.889600000000000080e+01,1.393305501297181195e+02,3.010686179419501396e-02,0.000000000000000000e+00
1.891199999999999903e+01,1.385280652117029376e+02,1.279370863012903869e-01,0.000000000000000000e+00
1.892800000000000082e+01,1.385280652117029376e+02,2.065067991177522710e-01,0.000000000000000000e+00
1.894399999999999906e+01,1.377302022667084032e+02,2.407543944755741738e-01,0.000000000000000000e+00
1.896000000000000085e+01,1.377302022667084032e+02,1.765306086328975177e-01,0.000000000000000000e+00
1.897599999999999909e+01,1.377302022667084032e+02,1.504646013433388052e-01,0.000000000000000000e+00
1.899200000000000088e+01,1.377302022667084032e+02,9.203757081218100211e-02,0.000000000000000000e+00
1.900799999999999912e+01,1.377302022667084032e+02,3.489742801962526092e-02,0.000000000000000000e+00
1.902400000000000091e+01,1.369369346741286506e+02,1.108579053812366877e-02,0.000000000000000000e+00
1.903999999999999915e+01,1.369369346741286506e+02,1.014003782397318587e-02,0.000000000000000000e+00
1.905600000000000094e+01,1.361482359666814830e+02,1.014003185500724803e-02,0.000000000000000000e+00
1.907199999999999918e+01,1.353640798295248544e+02,1.000902414255155394e-02,0.000000000000000000e+00
1.908800000000000097e+01,1.338092907636539621e+02,1.000187304601254934e-02,0.000000000000000000e+00
1.910399999999999920e+01,1.330386059595807353e+02,1.000617855533407659e-02,0.000000000000000000e+00
1.912000000000000099e+01,1.322723599733492108e+02,1.000281582581110003e-02,0.000000000000000000e+00
1.913599999999999923e+01,1.322723599733492108e+02,1.007375176428288756e-02,0.000000000000000000e+00
1.915200000000000102e+01,1.315105272392499387e+02,1.082446372823416859e-02,0.000000000000000000e+00
1.916799999999999926e+01,1.315105272392499387e+02,1.025905055977886261e-02,0.000000000000000000e+00
1.918400000000000105e+01,1.315105272392499387e+02,1.014004604470406662e-02,0.000000000000000000e+00
1.919999999999999929e+01,1.315105272392499387e+02,1.003776550292968806e-02,0.000000000000000000e+00
1.921600000000000108e+01,1.307530823388209456e+02,1.000187304601254934e-02,0.000000000000000000e+00
1.923199999999999932e+01,1.307530823388209456e+02,1.000051671960452450e-02,0.000000000000000000e+00
1.924800000000000111e+01,1.262991523499687645e+02,1.000123296498611931e-02,0.000000000000000000e+00
1.926399999999999935e+01,1.255717227602299175e+02,1.000419105279526898e-02,0.000000000000000000e+00
1.928000000000000114e+01,1.199011051661721012e+02,1.001876450976913954e-02,0.000000000000000000e+00
1.929599999999999937e+01,1.199011051661721012e+02,1.019107549696831108e-02,0.000000000000000000e+00
1.931200000000000117e+01,1.192105256166072564e+02,1.046753361706990494e-02,0.000000000000000000e+00
1.932799999999999940e+01,1.192105256166072564e+02,1.082446372823416686e-02,0.000000000000000000e+00
1.934400000000000119e+01,1.192105256166072564e+02,1.185350539468341124e-02,0.000000000000000000e+00
1.935999999999999943e+01,1.185239235125681887e+02,1.398021038018592774e-02,0.000000000000000000e+00
1.937600000000000122e+01,1.178412759456543455e+02,1.508558729750433987e-02,0.000000000000000000e+00
1.939199999999999946e+01,1.178412759456543455e+02,2.031762855636057991e-02,0.000000000000000000e+00
1.940800000000000125e+01,1.171625601394079297e+02,6.608151270920700759e-02,0.000000000000000000e+00
1.942399999999999949e+01,1.171625601394079297e+02,6.608151270920700759e-02,0.000000000000000000e+00
1.944000000000000128e+01,1.178412759456543455e+02,3.010686179419501396e-02,0.000000000000000000e+00
1.945599999999999952e+01,1.219969395672486030e+02,1.508558729750433640e-02,0.000000000000000000e+00
1.947200000000000131e+01,1.212942888997849593e+02,2.616802860893574847e-02,0.000000000000000000e+00
1.948799999999999955e+01,1.205956852023702339e+02,6.608151270920702147e-02,0.000000000000000000e+00
1.950400000000000134e+01,1.212942888997849593e+02,1.504646013433388052e-01,0.000000000000000000e+00
1.951999999999999957e+01,1.212942888997849593e+02,2.407543944755742849e-01,0.000000000000000000e+00
1.953600000000000136e+01,1.212942888997849593e+02,2.407543944755742293e-01,0.000000000000000000e+00
1.955199999999999960e+01,1.212942888997849593e+02,1.504646013433388052e-01,0.000000000000000000e+00
1.956800000000000139e+01,1.212942888997849593e+02,1.279370863012903869e-01,0.000000000000000000e+00
1.958399999999999963e+01,1.212942888997849593e+02,1.085797707287449732e-01,0.000000000000000000e+00
1.960000000000000142e+01,1.212942888997849593e+02,6.608151270920702147e-02,0.000000000000000000e+00
1.961599999999999966e+01,1.212942888997849593e+02,1.646758759311301237e-02,0.000000000000000000e+00
1.963200000000000145e+01,1.219969395672486030e+02,1.010197459374499035e-02,0.000000000000000000e+00
1.964799999999999969e+01,1.212942888997849593e+02,1.000032860450165983e-02,0.000000000000000000e+00
1.966400000000000148e+01,1.241294085083541603e+02,1.000000041792507670e-02,0.000000000000000000e+00
1.967999999999999972e+01,1.315105272392499387e+02,1.000000000397579039e-02,0.000000000000000000e+00
1.969600000000000151e+01,nan,1.000000020535980576e-02,0.000000000000000000e+00
1.971199999999999974e+01,nan,1.000000521273028929e-02,0.000000000000000000e+00
1.972800000000000153e+01,nan,1.000000520790674148e-02,0.000000000000000000e+00
1.974399999999999977e+01,nan,1.000000927916471806e-02,0.000000000000000000e+00
1.976000000000000156e+01,nan,1.000000154601802908e-02,0.000000000000000000e+00
1.977599999999999980e+01,nan,1.000000010142939634e-02,0.000000000000000000e+00
1.979200000000000159e+01,nan,1.000000020889274359e-02,0.000000000000000000e+00
1.980799999999999983e+01,nan,1.000000004772602473e-02,0.000000000000000000e+00
1.982400000000000162e+01,nan,1.000000004772602473e-02,0.000000000000000000e+00
1.983999999999999986e+01,nan,1.000000002170159212e-02,0.000000000000000000e+00
1.985600000000000165e+01,nan,1.000000010142939634e-02,0.000000000000000000e+00
1.987199999999999989e+01,nan,1.000000002170159212e-02,0.000000000000000000e+00
1.988800000000000168e+01,nan,1.000000020889274359e-02,0.000000000000000000e+00
1.990399999999999991e+01,1.307530823388209456e+02,1.000032403811831720e-02,0.000000000000000000e+00
1.992000000000000171e+01,1.315105272392499387e+02,1.019107298890507135e-02,0.000000000000000000e+00
1.993599999999999994e+01,1.315105272392499387e+02,1.142232969465495351e-02,0.000000000000000000e+00
1.995200000000000173e+01,1.315105272392499387e+02,1.310026119969433765e-02,0.000000000000000000e+00
1.996799999999999997e+01,1.315105272392499387e+02,2.294421912463860333e-02,0.000000000000000000e+00
1.998400000000000176e+01,1.322723599733492108e+02,7.797523762294819583e-02,0.000000000000000000e+00
2.000000000000000000e+01,1.322723599733492108e+02,1.085797707287449732e-01,0.000000000000000000e+00
2.001599999999999824e+01,1.322723599733492108e+02,2.616802860893575541e-02,0.000000000000000000e+00
2.003200000000000003e+01,1.338092907636539621e+02,1.034905513337584446e-02,0.000000000000000000e+00
2.004799999999999827e+01,1.322723599733492108e+02,1.003776550292968806e-02,0.000000000000000000e+00
2.006400000000000006e+01,1.315105272392499387e+02,1.002672467381077182e-02,0.000000000000000000e+00
2.007999999999999829e+01,1.315105272392499387e+02,1.003776550292968632e-02,0.000000000000000000e+00
2.009600000000000009e+01,1.315105272392499387e+02,1.003776550292968459e-02,0.000000000000000000e+00
2.011199999999999832e+01,1.315105272392499387e+02,1.003776550292968806e-02,0.000000000000000000e+00
2.012800000000000011e+01,1.315105272392499387e+02,1.010197459374499208e-02,0.000000000000000000e+00
2.014399999999999835e+01,1.307530823388209456e+02,1.010197459374499208e-02,0.000000000000000000e+00
2.016000000000000014e+01,1.307530823388209456e+02,1.014004604470406662e-02,0.000000000000000000e+00
2.017599999999999838e+01,1.307530823388209456e+02,1.014004604470406662e-02,0.000000000000000000e+00
2.019200000000000017e+01,1.307530823388209456e+02,1.007375176428288409e-02,0.000000000000000000e+00
2.020799999999999841e+01,1.307530823388209456e+02,1.005296754596585879e-02,0.000000000000000000e+00
2.022400000000000020e+01,1.307530823388209456e+02,1.010197459374499035e-02,0.000000000000000000e+00
2.023999999999999844e+01,1.307530823388209456e+02,1.000902549334298577e-02,0.000000000000000000e+00
2.025600000000000023e+01,1.315105272392499387e+02,1.000123296498611931e-02,0.000000000000000000e+00
2.027199999999999847e+01,nan,1.000020633903134053e-02,0.000000000000000000e+00
2.028800000000000026e+01,nan,1.000051671960452623e-02,0.000000000000000000e+00
2.030399999999999849e+01,nan,1.000020633903133879e-02,0.000000000000000000e+00
2.032000000000000028e+01,nan,1.000020633903134053e-02,0.000000000000000000e+00
2.033599999999999852e+01,nan,1.001306884623897643e-02,0.000000000000000000e+00
2.035200000000000031e+01,nan,1.019107549696831282e-02,0.000000000000000000e+00
2.036799999999999855e+01,nan,1.014004604470407009e-02,0.000000000000000000e+00
2.038400000000000034e+01,nan,1.000002785026228580e-02,0.000000000000000000e+00
2.039999999999999858e+01,nan,1.000281582581110003e-02,0.000000000000000000e+00
2.041600000000000037e+01,nan,1.000419105279527071e-02,0.000000000000000000e+00
2.043199999999999861e+01,nan,1.007375176428288409e-02,0.000000000000000000e+00
2.044800000000000040e+01,nan,1.000000287110036808e-02,0.000000000000000000e+00
2.046399999999999864e+01,nan,1.000000287110036981e-02,0.000000000000000000e+00
2.048000000000000043e+01,nan,1.000000041792507670e-02,0.000000000000000000e+00
2.049599999999999866e+01,nan,1.000000081401490604e-02,0.000000000000000000e+00
2.051200000000000045e+01,nan,1.000000010142939634e-02,0.000000000000000000e+00
2.052799999999999869e+01,nan,1.000000002170159212e-02,0.000000000000000000e+00
2.054400000000000048e+01,nan,1.000000002170159212e-02,0.000000000000000000e+00
2.055999999999999872e+01,nan,1.000000004772602473e-02,0.000000000000000000e+00
2.057600000000000051e+01,nan,1.000000041792507670e-02,0.000000000000000000e+00
2.059199999999999875e+01,nan,1.000000154306354867e-02,0.000000000000000000e+00
2.060800000000000054e+01,nan,1.000000919877025787e-02,0.000000000000000000e+00
2.062399999999999878e+01,nan,1.000002784885957105e-02,0.000000000000000000e+00
2.064000000000000057e+01,nan,1.000000521622944859e-02,0.000000000000000000e+00
2.065599999999999881e+01,nan,1.000902549334298577e-02,0.000000000000000000e+00
2.067200000000000060e+01,nan,1.019107549696831108e-02,0.000000000000000000e+00
2.068799999999999883e+01,nan,3.489742801962525398e-02,0.000000000000000000e+00
2.070400000000000063e+01,nan,4.768699308253104147e-02,0.000000000000000000e+00
2.071999999999999886e+01,nan,1.310026255051339496e-02,0.000000000000000000e+00
2.073600000000000065e+01,nan,1.398021038018592774e-02,0.000000000000000000e+00
2.075199999999999889e+01,nan,1.082446372823416686e-02,0.000000000000000000e+00
2.076800000000000068e+01,nan,1.014004604470406662e-02,0.000000000000000000e+00
2.078399999999999892e+01,nan,1.002672467381077008e-02,0.000000000000000000e+00
2.080000000000000071e+01,nan,1.000617855533407832e-02,0.000000000000000000e+00
2.081599999999999895e+01,nan,1.000902549334298404e-02,0.000000000000000000e+00
2.083200000000000074e+01,nan,1.002672467381077182e-02,0.000000000000000000e+00
2.084799999999999898e+01,nan,1.001876450976913954e-02,0.000000000000000000e+00
2.086400000000000077e+01,nan,1.000002785026190243e-02,0.000000000000000000e+00
2.087999999999999901e+01,nan,1.000032860450165810e-02,0.000000000000000000e+00
2.089600000000000080e+01,nan,1.000000010142939634e-02,0.000000000000000000e+00
2.091199999999999903e+01,nan,1.000051671960452450e-02,0.000000000000000000e+00
2.092800000000000082e+01,nan,1.014004604470406835e-02,0.000000000000000000e+00
2.094399999999999906e+01,nan,1.310026255051339496e-02,0.000000000000000000e+00
2.096000000000000085e+01,nan,1.398021038018592600e-02,0.000000000000000000e+00
2.097599999999999909e+01,nan,1.398021038018592600e-02,0.000000000000000000e+00
2.099200000000000088e+01,nan,1.508558729750433813e-02,0.000000000000000000e+00
2.100799999999999912e+01,nan,1.508558729750433813e-02,0.000000000000000000e+00
2.102400000000000091e+01,nan,2.031762855636058338e-02,0.000000000000000000e+00
2.103999999999999915e+01,nan,3.010686179419500008e-02,0.000000000000000000e+00
2.105600000000000094e+01,nan,2.616802860893575541e-02,0.000000000000000000e+00
2.107199999999999918e+01,nan,1.398021038018592774e-02,0.000000000000000000e+00
2.108800000000000097e+01,nan,1.142233425070907603e-02,0.000000000000000000e+00
2.110399999999999920e+01,nan,1.014004604470407009e-02,0.000000000000000000e+00
2.112000000000000099e+01,nan,1.000080278092725303e-02,0.000000000000000000e+00
2.113599999999999923e+01,nan,1.000080278092725650e-02,0.000000000000000000e+00
2.115200000000000102e+01,nan,1.000187304601255281e-02,0.000000000000000000e+00
2.116799999999999926e+01,nan,1.000051671960452276e-02,0.000000000000000000e+00
2.118400000000000105e+01,nan,1.000617855533407659e-02,0.000000000000000000e+00
2.119999999999999929e+01,nan,1.000004700797730087e-02,0.000000000000000000e+00
2.121600000000000108e+01,nan,1.000020633903134226e-02,0.000000000000000000e+00
2.123199999999999932e+01,6.077641692518476475e+02,1.000002785026228580e-02,0.000000000000000000e+00
2.124800000000000111e+01,6.112849112674765593e+02,1.000902549334298577e-02,0.000000000000000000e+00
2.126399999999999935e+01,6.077641692518476475e+02,1.001876450976913954e-02,0.000000000000000000e+00
2.128000000000000114e+01,6.077641692518476475e+02,1.000187304601255107e-02,0.000000000000000000e+00
2.129599999999999937e+01,5.509208090668336126e+02,1.000187304601255107e-02,0.000000000000000000e+00
2.131200000000000117e+01,5.703489894412055037e+02,1.000281582581110003e-02,0.000000000000000000e+00
2.132799999999999940e+01,6.007834023735820210e+02,1.000032860450165983e-02,0.000000000000000000e+00
2.134400000000000119e+01,6.112849112674765593e+02,1.000902549334298577e-02,0.000000000000000000e+00
2.135999999999999943e+01,6.183876998014148967e+02,1.001306884623897470e-02,0.000000000000000000e+00
2.137600000000000122e+01,6.183876998014148967e+02,1.000281582581110003e-02,0.000000000000000000e+00
2.139199999999999946e+01,6.183876998014148967e+02,1.000281582581110003e-02,0.000000000000000000e+00
2.140800000000000125e+01,6.148260487341170801e+02,1.000419105279527071e-02,0.000000000000000000e+00
2.142399999999999949e+01,6.219699833034499079e+02,1.002672467381077008e-02,0.000000000000000000e+00
2.144000000000000128e+01,6.255730187627005989e+02,1.001876450976913954e-02,0.000000000000000000e+00
2.145599999999999952e+01,6.255730187627005989e+02,1.001306884623897470e-02,0.000000000000000000e+00
2.147200000000000131e+01,6.255730187627005989e+02,1.000051671960452450e-02,0.000000000000000000e+00
2.148799999999999955e+01,nan,1.000002785026228580e-02,0.000000000000000000e+00
2.150400000000000134e+01,nan,1.000123296498611758e-02,0.000000000000000000e+00
2.151999999999999957e+01,nan,1.010197459374499035e-02,0.000000000000000000e+00
2.153600000000000136e+01,3.313857631030081734e+02,1.240312479355134938e-02,0.000000000000000000e+00
2.155199999999999960e+01,3.313857631030081734e+02,2.294421912463859986e-02,0.000000000000000000e+00
2.156800000000000139e+01,3.313857631030081734e+02,6.608151270920700759e-02,0.000000000000000000e+00
2.158399999999999963e+01,3.333054612993895489e+02,1.765306086328975732e-01,0.000000000000000000e+00
2.160000000000000142e+01,3.333054612993895489e+02,2.407543944755742849e-01,0.000000000000000000e+00
2.161599999999999966e+01,3.313857631030081734e+02,1.765306086328976010e-01,0.000000000000000000e+00
2.163200000000000145e+01,3.294771215546361987e+02,1.085797707287449593e-01,0.000000000000000000e+00
2.164799999999999969e+01,3.238169018132940096e+02,6.608151270920702147e-02,0.000000000000000000e+00
2.166400000000000148e+01,3.182539212592103013e+02,1.646758759311300543e-02,0.000000000000000000e+00
2.167999999999999972e+01,3.091938499007074483e+02,1.000000154655429629e-02,0.000000000000000000e+00
2.169600000000000151e+01,3.109849916517249540e+02,1.000000000061385987e-02,0.000000000000000000e+00
2.171199999999999974e+01,nan,1.000000000022191297e-02,0.000000000000000000e+00
2.172800000000000153e+01,nan,1.000000000000043909e-02,0.000000000000000000e+00
2.174399999999999977e+01,nan,1.000000000000177310e-02,0.000000000000000000e+00
2.176000000000000156e+01,nan,1.000000000000086584e-02,0.000000000000000000e+00
2.177599999999999980e+01,3.430720568009525095e+02,1.000187304601255107e-02,0.000000000000000000e+00
2.179200000000000159e+01,3.164209135543536036e+02,1.062260904091153098e-02,0.000000000000000000e+00
2.180799999999999983e+01,3.182539212592103013e+02,2.616802860893575541e-02,0.000000000000000000e+00
2.182400000000000162e+01,3.200975474696782044e+02,7.797523762294819583e-02,0.000000000000000000e+00
2.183999999999999986e+01,3.200975474696782044e+02,1.279370863012903592e-01,0.000000000000000000e+00
2.185600000000000165e+01,3.164209135543536036e+02,9.203757081218101599e-02,0.000000000000000000e+00
2.187199999999999989e+01,3.164209135543536036e+02,9.203757081218101599e-02,0.000000000000000000e+00
2.188800000000000168e+01,3.164209135543536036e+02,1.279370863012903314e-01,0.000000000000000000e+00
2.190399999999999991e+01,3.182539212592103013e+02,1.279370863012903314e-01,0.000000000000000000e+00
2.192000000000000171e+01,3.182539212592103013e+02,1.085797705462983043e-01,0.000000000000000000e+00
2.193599999999999994e+01,3.164209135543536036e+02,4.768699308253102759e-02,0.000000000000000000e+00
2.195200000000000173e+01,3.145984631970160876e+02,1.646758759311300543e-02,0.000000000000000000e+00
2.196799999999999997e+01,3.145984631970160876e+02,1.108579188894337139e-02,0.000000000000000000e+00
2.198400000000000176e+01,3.182539212592103013e+02,1.046753361706990494e-02,0.000000000000000000e+00
2.200000000000000000e+01,3.182539212592103013e+02,1.082446372823416686e-02,0.000000000000000000e+00
2.201599999999999824e+01,3.182539212592103013e+02,1.062260904091153271e-02,0.000000000000000000e+00
2.203200000000000003e+01,2.770561304234059321e+02,1.646758759311300890e-02,0.000000000000000000e+00
2.204799999999999827e+01,2.770561304234059321e+02,6.608151270920702147e-02,0.000000000000000000e+00
2.206400000000000006e+01,2.770561304234059321e+02,9.203757081218100211e-02,0.000000000000000000e+00
2.207999999999999829e+01,2.754604045334168063e+02,7.797523762294819583e-02,0.000000000000000000e+00
2.209600000000000009e+01,2.707281596590496520e+02,1.310026255051339322e-02,0.000000000000000000e+00
2.211199999999999832e+01,2.630210544784998774e+02,2.616802860893575541e-02,0.000000000000000000e+00
2.212800000000000011e+01,2.615061646776418911e+02,1.504646013433387497e-01,0.000000000000000000e+00
2.214399999999999835e+01,2.615061646776418911e+02,2.065067991177522433e-01,0.000000000000000000e+00
2.216000000000000014e+01,2.600000000000000000e+02,2.796051653363588740e-01,0.000000000000000000e+00
2.217599999999999838e+01,2.600000000000000000e+02,4.260623290432818955e-01,0.000000000000000000e+00
2.219200000000000017e+01,2.600000000000000000e+02,5.485250542599844348e-01,0.000000000000000000e+00
2.220799999999999841e+01,2.600000000000000000e+02,4.849868077159113500e-01,0.000000000000000000e+00
2.222400000000000020e+01,2.660772119191614138e+02,7.797523762294816807e-02,0.000000000000000000e+00
2.223999999999999844e+01,2.676185815273078674e+02,1.085797707287449593e-01,0.000000000000000000e+00
2.225600000000000023e+01,2.691688801987581314e+02,6.608151270920702147e-02,0.000000000000000000e+00
2.227199999999999847e+01,2.707281596590496520e+02,1.082446372823416686e-02,0.000000000000000000e+00
2.228800000000000026e+01,2.722964719333630228e+02,1.000419105279527071e-02,0.000000000000000000e+00
2.230399999999999849e+01,nan,1.000419105279527071e-02,0.000000000000000000e+00
2.232000000000000028e+01,nan,1.000419105279527071e-02,0.000000000000000000e+00
2.233599999999999852e+01,nan,1.000281582581109829e-02,0.000000000000000000e+00
2.235200000000000031e+01,nan,1.003776550292968806e-02,0.000000000000000000e+00
2.236799999999999855e+01,3.091938499007074483e+02,1.108579188894337313e-02,0.000000000000000000e+00
2.238400000000000034e+01,3.109849916517249540e+02,3.010686179419501049e-02,0.000000000000000000e+00
2.239999999999999858e+01,3.109849916517249540e+02,1.765306086328975455e-01,0.000000000000000000e+00
2.241600000000000037e+01,3.109849916517249540e+02,2.796051653363588740e-01,0.000000000000000000e+00
2.243199999999999861e+01,3.109849916517249540e+02,3.233360583906407792e-01,0.000000000000000000e+00
2.244800000000000040e+01,3.091938499007074483e+02,2.407543944755742849e-01,0.000000000000000000e+00
2.246399999999999864e+01,3.091938499007074483e+02,2.407543944755743404e-01,0.000000000000000000e+00
2.248000000000000043e+01,3.074130243670585401e+02,2.065067991177522988e-01,0.000000000000000000e+00
2.249599999999999866e+01,3.056424556337382796e+02,1.765306086328975732e-01,0.000000000000000000e+00
2.251200000000000045e+01,3.038820846259238238e+02,9.203757081218102987e-02,0.000000000000000000e+00
2.252799999999999869e+01,3.003917011867910105e+02,5.607139544589261754e-02,0.000000000000000000e+00
2.254400000000000048e+01,2.986615722992291353e+02,9.203757081198718493e-02,0.000000000000000000e+00
2.255999999999999872e+01,2.935307452495940765e+02,3.489742793103694368e-02,0.000000000000000000e+00
2.257600000000000051e+01,2.884880627376396660e+02,7.797523762294214511e-02,0.000000000000000000e+00
2.259199999999999875e+01,2.851744947206027518e+02,1.279370863012903869e-01,0.000000000000000000e+00
2.260800000000000054e+01,2.835320104929670038e+02,6.608151270920700759e-02,0.000000000000000000e+00
2.262399999999999878e+01,2.818989862783687954e+02,1.646758759311300890e-02,0.000000000000000000e+00
2.264000000000000057e+01,2.802753675911422988e+02,1.046753361706990321e-02,0.000000000000000000e+00
2.265599999999999881e+01,2.786611002594362390e+02,1.108579188894337486e-02,0.000000000000000000e+00
2.267200000000000060e+01,2.770561304234059321e+02,1.062260904091153271e-02,0.000000000000000000e+00
2.268799999999999883e+01,2.754604045334168063e+02,1.019107549696831108e-02,0.000000000000000000e+00
2.270400000000000063e+01,2.738738693482573581e+02,1.001876450976913781e-02,0.000000000000000000e+00
2.271999999999999886e+01,2.691688801987581314e+02,1.002672467381077182e-02,0.000000000000000000e+00
2.273600000000000065e+01,2.676185815273078674e+02,1.046753361706990668e-02,0.000000000000000000e+00
2.275199999999999889e+01,2.660772119191614138e+02,1.310026255051339669e-02,0.000000000000000000e+00
2.276800000000000068e+01,2.660772119191614138e+02,1.818737573491218187e-02,0.000000000000000000e+00
2.278399999999999892e+01,2.645447199466984216e+02,1.508558729750395476e-02,0.000000000000000000e+00
2.280000000000000071e+01,2.630210544784998774e+02,1.034905513337584446e-02,0.000000000000000000e+00
2.281599999999999895e+01,2.356825518913087194e+02,1.001876450976913954e-02,0.000000000000000000e+00
2.283200000000000074e+01,2.343251202788158878e+02,1.003776550292968632e-02,0.000000000000000000e+00
2.284799999999999898e+01,2.343251202788158878e+02,1.240312479355134591e-02,0.000000000000000000e+00
2.286400000000000077e+01,2.316336667164882215e+02,1.005296754596585705e-02,0.000000000000000000e+00
2.287999999999999901e+01,2.237433736835258458e+02,1.000012784523254122e-02,0.000000000000000000e+00
2.289600000000000080e+01,2.276543389655301439e+02,1.000000081401490604e-02,0.000000000000000000e+00
2.291199999999999903e+01,nan,1.000000041792507496e-02,0.000000000000000000e+00
2.292800000000000082e+01,nan,1.000000081401490604e-02,0.000000000000000000e+00
2.294399999999999906e+01,nan,1.000000041792507496e-02,0.000000000000000000e+00
2.296000000000000085e+01,nan,1.000004700797730087e-02,0.000000000000000000e+00
2.297599999999999909e+01,nan,1.000419105279527071e-02,0.000000000000000000e+00
2.299200000000000088e+01,nan,1.000281582581110003e-02,0.000000000000000000e+00
2.300799999999999912e+01,nan,1.000080278092725476e-02,0.000000000000000000e+00
2.302400000000000091e+01,nan,1.000123296498573247e-02,0.000000000000000000e+00
2.303999999999999915e+01,nan,1.000187304600650556e-02,0.000000000000000000e+00
2.305600000000000094e+01,nan,1.000123296496528875e-02,0.000000000000000000e+00
2.307199999999999918e+01,nan,1.000020633903095715e-02,0.000000000000000000e+00
2.308800000000000097e+01,nan,1.000123296498612105e-02,0.000000000000000000e+00
2.310399999999999920e+01,nan,1.000187304601255281e-02,0.000000000000000000e+00
2.312000000000000099e+01,nan,1.003776550292968979e-02,0.000000000000000000e+00
2.313599999999999923e+01,nan,1.000902549334298577e-02,0.000000000000000000e+00
2.315200000000000102e+01,nan,1.007375176428288409e-02,0.000000000000000000e+00
2.316799999999999926e+01,nan,1.003776550292968806e-02,0.000000000000000000e+00
2.318400000000000105e+01,nan,1.001875995392066156e-02,0.000000000000000000e+00
2.319999999999999929e+01,nan,1.000032860450165983e-02,0.000000000000000000e+00
2.321600000000000108e+01,nan,1.000902549334298577e-02,0.000000000000000000e+00
2.323199999999999932e+01,nan,1.002672467381077008e-02,0.000000000000000000e+00
2.324800000000000111e+01,nan,1.034905513337584446e-02,0.000000000000000000e+00
2.326399999999999935e+01,nan,1.010197459374499035e-02,0.000000000000000000e+00
2.328000000000000114e+01,nan,1.034905513337584446e-02,0.000000000000000000e+00
2.329599999999999937e+01,nan,1.025905055977886261e-02,0.000000000000000000e+00
2.331200000000000117e+01,nan,1.007375176428288409e-02,0.000000000000000000e+00
2.332799999999999940e+01,nan,1.003776550292968806e-02,0.000000000000000000e+00
2.334400000000000119e+01,nan,1.007375176428288409e-02,0.000000000000000000e+00
2.335999999999999943e+01,nan,1.003776550292968806e-02,0.000000000000000000e+00
2.337600000000000122e+01,nan,1.002672467381076835e-02,0.000000000000000000e+00
2.339199999999999946e+01,nan,1.000281582581110003e-02,0.000000000000000000e+00
2.340800000000000125e+01,nan,1.000004700797730087e-02,0.000000000000000000e+00
2.342399999999999949e+01,nan,1.000007810227994051e-02,0.000000000000000000e+00
2.344000000000000128e+01,nan,1.000004700795647031e-02,0.000000000000000000e+00
2.345599999999999952e+01,nan,1.000617846674364125e-02,0.000000000000000000e+00
2.347200000000000131e+01,nan,1.002672011778391221e-02,0.000000000000000000e+00
2.348799999999999955e+01,nan,1.001875995390697806e-02,0.000000000000000000e+00
2.350400000000000134e+01,nan,1.001306429039092692e-02,0.000000000000000000e+00
2.351999999999999957e+01,nan,1.000615423093760038e-02,0.000000000000000000e+00
2.353600000000000136e+01,nan,1.000020597401611762e-02,0.000000000000000000e+00
2.355199999999999960e+01,nan,1.564030093935366496e-08,0.000000000000000000e+00
2.356800000000000139e+01,nan,1.000078081462101379e-02,0.000000000000000000e+00
2.358399999999999963e+01,nan,1.001302778953190760e-02,0.000000000000000000e+00
2.360000000000000142e+01,nan,1.000052069511661416e-02,0.000000000000000000e+00
2.361599999999999966e+01,nan,6.518497532392038060e-08,0.000000000000000000e+00
2.363200000000000145e+01,nan,1.000013712446666189e-02,0.000000000000000000e+00
2.364799999999999969e+01,nan,6.223891654854531822e-08,0.000000000000000000e+00
2.366400000000000148e+01,nan,9.667277557484577781e-08,0.000000000000000000e+00
2.367999999999999972e+01,nan,3.956964972092961384e-08,0.000000000000000000e+00
2.369600000000000151e+01,nan,9.407229098616336643e-09,0.000000000000000000e+00
2.371199999999999974e+01,nan,3.970330774447558451e-08,0.000000000000000000e+00
2.372800000000000153e+01,nan,1.000019822732750585e-02,0.000000000000000000e+00
2.374399999999999977e+01,nan,1.025905055977886261e-02,0.000000000000000000e+00
2.376000000000000156e+01,nan,1.005296754596585705e-02,0.000000000000000000e+00
2.377599999999999980e+01,nan,1.000902549334298577e-02,0.000000000000000000e+00
2.379200000000000159e+01,nan,1.000419105279526898e-02,0.000000000000000000e+00
2.380799999999999983e+01,nan,1.000051671960452450e-02,0.000000000000000000e+00
2.382400000000000162e+01,nan,1.000000521622944859e-02,0.000000000000000000e+00
2.383999999999999986e+01,nan,1.000000041792507670e-02,0.000000000000000000e+00
2.385600000000000165e+01,nan,1.000000041792469332e-02,0.000000000000000000e+00
2.387199999999999989e+01,nan,1.000000020834766572e-02,0.000000000000000000e+00
2.388800000000000168e+01,nan,1.000617855479793428e-02,0.000000000000000000e+00
2.390399999999999991e+01,nan,1.000000000000000021e-02,0.000000000000000000e+00
2.392000000000000171e+01,nan,1.000000000000000021e-02,0.000000000000000000e+00
2.393599999999999994e+01,nan,1.000000000000000021e-02,0.000000000000000000e+00
2.395200000000000173e+01,nan,1.000000000000000021e-02,0.000000000000000000e+00
2.396799999999999997e+01,nan,1.000000000000000021e-02,0.000000000000000000e+00
2.398400000000000176e+01,nan,1.000000000000000021e-02,0.000000000000000000e+00
2.400000000000000000e+01,nan,1.000000000000000021e-02,0.000000000000000000e+00
2.401599999999999824e+01,nan,1.000000000000000021e-02,0.000000000000000000e+00
2.403200000000000003e+01,nan,1.000000000000000021e-02,0.000000000000000000e+00
2.404799999999999827e+01,nan,1.000000000000000021e-02,0.000000000000000000e+00
2.406400000000000006e+01,nan,1.000000000000000021e-02,0.000000000000000000e+00
2.407999999999999829e+01,nan,1.000000000000000021e-02,0.000000000000000000e+00
2.409600000000000009e+01,nan,1.000000000000692522e-02,0.000000000000000000e+00
2.411199999999999832e+01,nan,1.000000928748663066e-02,0.000000000000000000e+00
2.412800000000000011e+01,nan,1.000080278092725303e-02,0.000000000000000000e+00
2.414399999999999835e+01,nan,1.000020633903134053e-02,0.000000000000000000e+00
2.416000000000000014e+01,nan,1.000002785026228580e-02,0.000000000000000000e+00
2.417599999999999838e+01,nan,1.000012784523254122e-02,0.000000000000000000e+00
2.419200000000000017e+01,nan,1.000020633903134053e-02,0.000000000000000000e+00
2.420799999999999841e+01,nan,1.000000000000010950e-02,0.000000000000000000e+00
2.422400000000000020e+01,nan,1.000000000000000021e-02,0.000000000000000000e+00
2.423999999999999844e+01,nan,1.000000000000000021e-02,0.000000000000000000e+00
2.425600000000000023e+01,nan,1.000000000000000021e-02,0.000000000000000000e+00
2.427199999999999847e+01,nan,1.000000000000000021e-02,0.000000000000000000e+00
2.428800000000000026e+01,nan,1.000000000000000021e-02,0.000000000000000000e+00
2.430399999999999849e+01,nan,1.000000000000000021e-02,0.000000000000000000e+00
2.432000000000000028e+01,nan,1.000000000000000021e-02,0.000000000000000000e+00
2.433599999999999852e+01,nan,1.000000000000000021e-02,0.000000000000000000e+00
2.435200000000000031e+01,nan,0.000000000000000000e+00,0.000000000000000000e+00
2.436799999999999855e+01,nan,0.000000000000000000e+00,0.000000000000000000e+00
2.438400000000000034e+01,nan,1.000000000000000021e-02,0.000000000000000000e+00
2.439999999999999858e+01,nan,1.000000000000000021e-02,0.000000000000000000e+00
2.441600000000000037e+01,nan,1.000000002170159212e-02,0.000000000000000000e+00
2.443199999999999861e+01,nan,1.000012784523254122e-02,0.000000000000000000e+00
2.444800000000000040e+01,nan,1.000000521622944859e-02,0.000000000000000000e+00
2.446399999999999864e+01,nan,1.000001622642283580e-02,0.000000000000000000e+00
2.448000000000000043e+01,nan,1.142233425070907603e-02,0.000000000000000000e+00
2.449599999999999866e+01,nan,1.046753361706990147e-02,0.000000000000000000e+00
2.451200000000000045e+01,nan,1.001876450976914128e-02,0.000000000000000000e+00
2.452799999999999869e+01,nan,1.000004700797729913e-02,0.000000000000000000e+00
2.454400000000000048e+01,nan,1.000000000000186851e-02,0.000000000000000000e+00
2.455999999999999872e+01,nan,1.000000000000692522e-02,0.000000000000000000e+00
2.457600000000000051e+01,nan,1.000032860450165983e-02,0.000000000000000000e+00
2.459199999999999875e+01,nan,1.646758759311300890e-02,0.000000000000000000e+00
2.460800000000000054e+01,nan,1.007375176428288409e-02,0.000000000000000000e+00
2.462399999999999878e+01,nan,1.000000154655429629e-02,0.000000000000000000e+00
2.464000000000000057e+01,nan,1.508558729750433640e-02,0.000000000000000000e+00
2.465599999999999881e+01,nan,1.007375176428288235e-02,0.000000000000000000e+00
2.467200000000000060e+01,nan,1.000004700797730087e-02,0.000000000000000000e+00
2.468799999999999883e+01,nan,1.000004700797729913e-02,0.000000000000000000e+00
2.470400000000000063e+01,nan,1.000020633903133879e-02,0.000000000000000000e+00
2.471999999999999886e+01,nan,1.000617855533407832e-02,0.000000000000000000e+00
2.473600000000000065e+01,nan,1.003776550292968632e-02,0.000000000000000000e+00
2.475199999999999889e+01,nan,1.240312479355134938e-02,0.000000000000000000e+00
2.476800000000000068e+01,3.510909860037293697e+02,2.065067991177522155e-01,0.000000000000000000e+00
2.478399999999999892e+01,3.592973487916218005e+02,5.485250542599845458e-01,0.000000000000000000e+00
2.480000000000000071e+01,3.592973487916218005e+02,4.849868077159111834e-01,0.000000000000000000e+00
2.481599999999999895e+01,3.572279483391032500e+02,3.233360583906408903e-01,0.000000000000000000e+00
2.483200000000000074e+01,3.531248353951036165e+02,2.407543944755742016e-01,0.000000000000000000e+00
2.484799999999999898e+01,3.470583620842088521e+02,1.765306086328974899e-01,0.000000000000000000e+00
2.486400000000000077e+01,3.352362801942905435e+02,6.608151270920699372e-02,0.000000000000000000e+00
2.487999999999999901e+01,3.613787371590076987e+02,1.003776550292968806e-02,0.000000000000000000e+00
2.489600000000000080e+01,3.762900017344982757e+02,1.001306884274832595e-02,0.000000000000000000e+00
2.491199999999999903e+01,3.762900017344982757e+02,1.142222256062984040e-02,0.000000000000000000e+00
2.492800000000000082e+01,3.784698275389686728e+02,4.756464323339094913e-02,0.000000000000000000e+00
2.494399999999999906e+01,3.784698275389686728e+02,1.080359030196676312e-01,0.000000000000000000e+00
2.496000000000000085e+01,3.784698275389686728e+02,1.502383459188484371e-01,0.000000000000000000e+00
2.497599999999999909e+01,3.784698275389686728e+02,9.197315578741241393e-02,0.000000000000000000e+00
2.499200000000000088e+01,3.762900017344982757e+02,3.485116508218008557e-02,0.000000000000000000e+00
2.500799999999999912e+01,3.784698275389686728e+02,3.480836092878576010e-02,0.000000000000000000e+00
2.502400000000000091e+01,3.784698275389686728e+02,1.630066182939173686e-02,0.000000000000000000e+00
2.503999999999999915e+01,3.784698275389686728e+02,1.057633290297670114e-02,0.000000000000000000e+00
2.505600000000000094e+01,3.741227308028131802e+02,1.000112117430417523e-02,0.000000000000000000e+00
2.507199999999999918e+01,3.613787371590076987e+02,1.000001622642283754e-02,0.000000000000000000e+00
2.508800000000000097e+01,3.510909860037293697e+02,1.000001620712415509e-02,0.000000000000000000e+00
2.510399999999999920e+01,3.470583620842088521e+02,1.000000005897111466e-02,0.000000000000000000e+00
2.512000000000000099e+01,nan,2.990110398257451141e-14,0.000000000000000000e+00
2.513599999999999923e+01,nan,1.000000000007089489e-02,0.000000000000000000e+00
2.515200000000000102e+01,nan,1.000000000154017965e-02,0.000000000000000000e+00
2.516799999999999926e+01,nan,1.000000000931209124e-02,0.000000000000000000e+00
2.518400000000000105e+01,nan,1.000000002872797680e-02,0.000000000000000000e+00
2.519999999999999929e+01,nan,1.000000136385024996e-02,0.000000000000000000e+00
2.521600000000000108e+01,nan,1.000000000110819708e-02,0.000000000000000000e+00
2.523199999999999932e+01,nan,2.748610905197706158e-12,0.000000000000000000e+00
2.524800000000000111e+01,nan,6.463849034176939636e-12,0.000000000000000000e+00
2.526399999999999935e+01,nan,1.000000012017974484e-02,0.000000000000000000e+00
2.528000000000000114e+01,nan,5.662272523826522999e-11,0.000000000000000000e+00
2.529599999999999937e+01,nan,2.273656264198664953e-07,0.000000000000000000e+00
2.531200000000000117e+01,nan,1.000000465294757605e-02,0.000000000000000000e+00
2.532799999999999940e+01,nan,1.000000892198595580e-02,0.000000000000000000e+00
2.534400000000000119e+01,nan,2.830541577818532184e-11,0.000000000000000000e+00
2.535999999999999943e+01,nan,1.000032842205500483e-02,0.000000000000000000e+00
2.537600000000000122e+01,nan,1.000000081401452093e-02,0.000000000000000000e+00
2.539199999999999946e+01,nan,1.000001622622901862e-02,0.000000000000000000e+00
2.540800000000000125e+01,nan,1.000000154636047738e-02,0.000000000000000000e+00
2.542399999999999949e+01,nan,1.000000081052426076e-02,0.000000000000000000e+00
2.544000000000000128e+01,nan,1.000000020059024081e-02,0.000000000000000000e+00
2.545599999999999952e+01,nan,1.000000001821020612e-02,0.000000000000000000e+00
2.547200000000000131e+01,nan,1.000000004753220928e-02,0.000000000000000000e+00
2.548799999999999955e+01,nan,1.000000001324737563e-02,0.000000000000000000e+00
2.550400000000000134e+01,nan,1.000000000000186851e-02,0.000000000000000000e+00
2.551999999999999957e+01,nan,1.000000287110036808e-02,0.000000000000000000e+00
2.553600000000000136e+01,nan,1.000187304601255107e-02,0.000000000000000000e+00
2.555199999999999960e+01,nan,1.000617855533407832e-02,0.000000000000000000e+00
2.556800000000000139e+01,nan,1.010197459374499035e-02,0.000000000000000000e+00
2.558399999999999963e+01,nan,1.000419105279527071e-02,0.000000000000000000e+00
2.560000000000000142e+01,nan,1.000902549334298751e-02,0.000000000000000000e+00
2.561599999999999966e+01,nan,1.019107549696831282e-02,0.000000000000000000e+00
2.563200000000000145e+01,nan,1.034905513337584446e-02,0.000000000000000000e+00
2.564799999999999969e+01,nan,1.025905055977886261e-02,0.000000000000000000e+00
2.566400000000000148e+01,nan,1.025905055977886261e-02,0.000000000000000000e+00
2.567999999999999972e+01,nan,1.000902549334298577e-02,0.000000000000000000e+00
2.569600000000000151e+01,nan,1.003776550292968806e-02,0.000000000000000000e+00
2.571199999999999974e+01,nan,1.003776550292968806e-02,0.000000000000000000e+00
2.572800000000000153e+01,nan,1.046753361706990494e-02,0.000000000000000000e+00
2.574399999999999977e+01,nan,1.046753361706990494e-02,0.000000000000000000e+00
2.576000000000000156e+01,nan,1.062260904091153445e-02,0.000000000000000000e+00
2.577599999999999980e+01,nan,1.108579188894337313e-02,0.000000000000000000e+00
2.579200000000000159e+01,nan,1.062260904091153271e-02,0.000000000000000000e+00
2.580799999999999983e+01,nan,1.010197459374499035e-02,0.000000000000000000e+00
2.582400000000000162e+01,nan,1.000902549334298577e-02,0.000000000000000000e+00
2.583999999999999986e+01,nan,1.007375176428288409e-02,0.000000000000000000e+00
2.585600000000000165e+01,nan,3.010686179419500702e-02,0.000000000000000000e+00
2.587199999999999989e+01,nan,5.607139544589261060e-02,0.000000000000000000e+00
2.588800000000000168e+01,nan,3.489742801962526092e-02,0.000000000000000000e+00
2.590399999999999991e+01,nan,3.489742801962524704e-02,0.000000000000000000e+00
2.592000000000000171e+01,nan,1.310026255051339669e-02,0.000000000000000000e+00
2.593599999999999994e+01,nan,1.010197459374499035e-02,0.000000000000000000e+00
2.595200000000000173e+01,nan,1.082446372823416686e-02,0.000000000000000000e+00
2.596799999999999997e+01,nan,1.000000000022191297e-02,0.000000000000000000e+00
2.598400000000000176e+01,nan,1.001306884623897470e-02,0.000000000000000000e+00
2.600000000000000000e+01,nan,1.007375176428288409e-02,0.000000000000000000e+00
2.601599999999999824e+01,nan,1.108579188894337313e-02,0.000000000000000000e+00
2.603200000000000003e+01,nan,1.398021038018592600e-02,0.000000000000000000e+00
2.604799999999999827e+01,nan,1.646758759311300543e-02,0.000000000000000000e+00
2.606400000000000006e+01,nan,1.646758759311300543e-02,0.000000000000000000e+00
2.607999999999999829e+01,nan,1.646758759311300543e-02,0.000000000000000000e+00
2.609600000000000009e+01,nan,2.031762855636058338e-02,0.000000000000000000e+00
2.611199999999999832e+01,nan,3.010686179419501396e-02,0.000000000000000000e+00
2.612800000000000011e+01,nan,1.818737573491218187e-02,0.000000000000000000e+00
2.614399999999999835e+01,nan,1.034905513337584446e-02,0.000000000000000000e+00
2.616000000000000014e+01,nan,1.000617855533407832e-02,0.000000000000000000e+00
2.617599999999999838e+01,nan,1.000281582581110003e-02,0.000000000000000000e+00
2.619200000000000017e+01,nan,1.000004700797730434e-02,0.000000000000000000e+00
2.620799999999999841e+01,nan,1.000000004772602299e-02,0.000000000000000000e+00
2.622400000000000020e+01,nan,1.000000287110036808e-02,0.000000000000000000e+00
2.623999999999999844e+01,nan,1.000001622642283754e-02,0.000000000000000000e+00
2.625600000000000023e+01,nan,1.000032860450165983e-02,0.000000000000000000e+00
2.627199999999999847e+01,nan,1.000012784523254296e-02,0.000000000000000000e+00
2.628800000000000026e+01,nan,1.000007810228022848e-02,0.000000000000000000e+00
2.630399999999999849e+01,nan,1.000012784523215612e-02,0.000000000000000000e+00
2.632000000000000028e+01,nan,1.000187304601091870e-02,0.000000000000000000e+00
2.633599999999999852e+01,nan,1.000123296149547404e-02,0.000000000000000000e+00
2.635200000000000031e+01,nan,1.000051671958369220e-02,0.000000000000000000e+00
2.636799999999999855e+01,nan,1.000002785026228580e-02,0.000000000000000000e+00
2.638400000000000034e+01,nan,1.000000002170158865e-02,0.000000000000000000e+00
2.639999999999999858e+01,nan,1.000000000950596914e-02,0.000000000000000000e+00
2.641600000000000037e+01,nan,1.000000010142939634e-02,0.000000000000000000e+00
2.643199999999999861e+01,nan,1.000000004772602473e-02,0.000000000000000000e+00
2.644800000000000040e+01,nan,1.000004700797730087e-02,0.000000000000000000e+00
2.646399999999999864e+01,nan,1.000012784523254122e-02,0.000000000000000000e+00
2.648000000000000043e+01,4.768421024664290258e+02,1.000051671960452450e-02,0.000000000000000000e+00
2.649599999999999866e+01,4.851771555991398372e+02,1.000281582581110003e-02,0.000000000000000000e+00
2.651200000000000045e+01,4.965176340334165275e+02,1.007375176428288409e-02,0.000000000000000000e+00
2.652799999999999869e+01,5.022868910409197838e+02,1.108579188894337313e-02,0.000000000000000000e+00
2.654400000000000048e+01,5.081231835858079080e+02,1.310026255051339496e-02,0.000000000000000000e+00
2.655999999999999872e+01,5.081231835858079080e+02,1.646758759311300543e-02,0.000000000000000000e+00
2.657600000000000051e+01,5.140272905835059873e+02,5.607139544589263142e-02,0.000000000000000000e+00
2.659199999999999875e+01,5.140272905835059873e+02,1.504646013433388330e-01,0.000000000000000000e+00
2.660800000000000054e+01,5.110667112435306194e+02,2.407543944755742849e-01,0.000000000000000000e+00
2.662399999999999878e+01,5.110667112435306194e+02,2.796051653363588185e-01,0.000000000000000000e+00
2.664000000000000057e+01,5.081231835858079080e+02,3.010686179419500702e-02,0.000000000000000000e+00
2.665599999999999881e+01,4.908146425944805742e+02,1.000051671960452450e-02,0.000000000000000000e+00
2.667200000000000060e+01,nan,1.000080278092725476e-02,0.000000000000000000e+00
2.668799999999999883e+01,nan,1.005296754596585705e-02,0.000000000000000000e+00
2.670400000000000063e+01,nan,1.082446372823416686e-02,0.000000000000000000e+00
2.671999999999999886e+01,nan,1.082446372823416686e-02,0.000000000000000000e+00
2.673600000000000065e+01,nan,1.034905513337584446e-02,0.000000000000000000e+00
2.675199999999999889e+01,nan,1.014004604470406835e-02,0.000000000000000000e+00
2.676800000000000068e+01,nan,1.005296754596585532e-02,0.000000000000000000e+00
2.678399999999999892e+01,nan,1.000419105279527071e-02,0.000000000000000000e+00
2.680000000000000071e+01,nan,1.000004700797730087e-02,0.000000000000000000e+00
2.681599999999999895e+01,nan,1.000002785026228580e-02,0.000000000000000000e+00
2.683200000000000074e+01,nan,1.000000287110036808e-02,0.000000000000000000e+00
2.684799999999999898e+01,nan,1.000000041792507670e-02,0.000000000000000000e+00
2.686400000000000077e+01,nan,1.000000010142939634e-02,0.000000000000000000e+00
2.687999999999999901e+01,nan,1.000000020889274359e-02,0.000000000000000000e+00
2.689600000000000080e+01,nan,1.000000000399057370e-02,0.000000000000000000e+00
2.691199999999999903e+01,nan,1.000000000141215879e-02,0.000000000000000000e+00
2.692800000000000082e+01,nan,1.000000000931214848e-02,0.000000000000000000e+00
2.694399999999999906e+01,nan,1.000000020835659781e-02,0.000000000000000000e+00
2.696000000000000085e+01,nan,1.000000080571217601e-02,0.000000000000000000e+00
2.697599999999999909e+01,nan,1.000001618473875427e-02,0.000000000000000000e+00
2.699200000000000088e+01,nan,1.000000000252929989e-02,0.000000000000000000e+00
2.700799999999999912e+01,nan,1.147861319555321186e-12,0.000000000000000000e+00
2.702400000000000091e+01,nan,1.000004698869529085e-02,0.000000000000000000e+00
2.703999999999999915e+01,nan,1.000000009297238000e-02,0.000000000000000000e+00
2.705600000000000094e+01,nan,1.000000020049193750e-02,0.000000000000000000e+00
2.707199999999999918e+01,nan,1.000000287110036808e-02,0.000000000000000000e+00
2.708800000000000097e+01,nan,1.000000521622945032e-02,0.000000000000000000e+00
2.710399999999999920e+01,nan,1.000002785026228580e-02,0.000000000000000000e+00
2.712000000000000099e+01,nan,1.000020633903134226e-02,0.000000000000000000e+00
2.713599999999999923e+01,nan,1.000020633903134053e-02,0.000000000000000000e+00
2.715200000000000102e+01,nan,1.000617855533407832e-02,0.000000000000000000e+00
2.716799999999999926e+01,nan,1.000902549334298577e-02,0.000000000000000000e+00
2.718400000000000105e+01,nan,1.000281582581110003e-02,0.000000000000000000e+00
2.719999999999999929e+01,nan,1.000007810228032215e-02,0.000000000000000000e+00
2.721600000000000108e+01,nan,1.000000521622945032e-02,0.000000000000000000e+00
2.723199999999999932e+01,nan,1.000001622642283580e-02,0.000000000000000000e+00
2.724800000000000111e+01,nan,1.000020633903134053e-02,0.000000000000000000e+00
2.726399999999999935e+01,nan,1.000012784523254122e-02,0.000000000000000000e+00
2.728000000000000114e+01,nan,1.000051671960452623e-02,0.000000000000000000e+00
2.729599999999999937e+01,nan,1.108579188894337660e-02,0.000000000000000000e+00
2.731200000000000117e+01,nan,1.240312479355134764e-02,0.000000000000000000e+00
2.732799999999999940e+01,nan,1.000051671960452276e-02,0.000000000000000000e+00
2.734400000000000119e+01,nan,1.000000000160603496e-02,0.000000000000000000e+00
2.735999999999999943e+01,nan,1.000000000022191297e-02,0.000000000000000000e+00
2.737600000000000122e+01,nan,1.000000004772602473e-02,0.000000000000000000e+00
2.739199999999999946e+01,nan,1.000000000007539996e-02,0.000000000000000000e+00
2.740800000000000125e+01,nan,1.000000000399499031e-02,0.000000000000000000e+00
2.742399999999999949e+01,nan,1.000000010088436010e-02,0.000000000000000000e+00
2.744000000000000128e+01,nan,1.000000000256882210e-02,0.000000000000000000e+00
2.745599999999999952e+01,nan,1.000000002116542205e-02,0.000000000000000000e+00
2.747200000000000131e+01,nan,1.000000004423437505e-02,0.000000000000000000e+00
2.748799999999999955e+01,nan,1.000000020539358429e-02,0.000000000000000000e+00
2.750400000000000134e+01,nan,1.000001622292472775e-02,0.000000000000000000e+00
2.751999999999999957e+01,nan,1.000007809397519473e-02,0.000000000000000000e+00
2.753600000000000136e+01,nan,1.000032860309888784e-02,0.000000000000000000e+00
2.755199999999999960e+01,nan,1.000123296498611931e-02,0.000000000000000000e+00
2.756800000000000139e+01,nan,1.000617855184328213e-02,0.000000000000000000e+00
2.758399999999999963e+01,nan,1.001306884274831728e-02,0.000000000000000000e+00
2.760000000000000142e+01,nan,1.010197459234228080e-02,0.000000000000000000e+00
2.761599999999999966e+01,nan,1.019107547801417074e-02,0.000000000000000000e+00
2.763200000000000145e+01,nan,1.005296753766335947e-02,0.000000000000000000e+00
2.764799999999999969e+01,nan,1.108579180035507150e-02,0.000000000000000000e+00
2.766400000000000148e+01,nan,4.768692486810063857e-02,0.000000000000000000e+00
2.767999999999999972e+01,nan,4.768670607978522241e-02,0.000000000000000000e+00
2.769600000000000151e+01,nan,4.768688142267063501e-02,0.000000000000000000e+00
2.771199999999999974e+01,nan,5.607128378603223190e-02,0.000000000000000000e+00
2.772800000000000153e+01,nan,7.791082292762044337e-02,0.000000000000000000e+00
2.774399999999999977e+01,nan,2.293882278241845749e-02,0.000000000000000000e+00
2.776000000000000156e+01,nan,1.000080277262475545e-02,0.000000000000000000e+00
2.777599999999999980e+01,nan,1.000080278090642420e-02,0.000000000000000000e+00
2.779200000000000159e+01,nan,3.892145995012752945e-10,0.000000000000000000e+00
2.780799999999999983e+01,nan,1.507759949494908054e-02,0.000000000000000000e+00
2.782400000000000162e+01,nan,1.310023822042390672e-02,0.000000000000000000e+00
2.783999999999999986e+01,nan,1.000281578412709829e-02,0.000000000000000000e+00
2.785600000000000165e+01,nan,1.025904805137572290e-02,0.000000000000000000e+00
2.787199999999999989e+01,nan,1.000000674536873427e-02,0.000000000000000000e+00
2.788800000000000168e+01,nan,1.000000016719594306e-02,0.000000000000000000e+00
2.790399999999999991e+01,nan,1.000000282932091318e-02,0.000000000000000000e+00
2.792000000000000171e+01,nan,2.814627412324346394e-11,0.000000000000000000e+00
2.793599999999999994e+01,nan,1.000000928748663066e-02,0.000000000000000000e+00
2.795200000000000173e+01,nan,1.000002785026228580e-02,0.000000000000000000e+00
2.796799999999999997e+01,nan,1.000007810228032389e-02,0.000000000000000000e+00
2.798400000000000176e+01,nan,1.000123296498611931e-02,0.000000000000000000e+00
2.800000000000000000e+01,nan,1.000617855533408006e-02,0.000000000000000000e+00
2.801599999999999824e+01,nan,1.002672467381077008e-02,0.000000000000000000e+00
2.803200000000000003e+01,nan,1.019107549696831108e-02,0.000000000000000000e+00
2.804799999999999827e+01,nan,1.034905513337584446e-02,0.000000000000000000e+00
2.806400000000000006e+01,nan,1.185350539468341471e-02,0.000000000000000000e+00
2.807999999999999829e+01,nan,1.310026236806674169e-02,0.000000000000000000e+00
2.809600000000000009e+01,nan,1.240312408259178385e-02,0.000000000000000000e+00
2.811199999999999832e+01,nan,1.185349728274210507e-02,0.000000000000000000e+00
2.812800000000000011e+01,nan,1.310025799449050093e-02,0.000000000000000000e+00
2.814399999999999835e+01,nan,1.398016927804509105e-02,0.000000000000000000e+00
2.816000000000000014e+01,nan,1.397913150793070672e-02,0.000000000000000000e+00
2.817599999999999838e+01,nan,1.309659540010402537e-02,0.000000000000000000e+00
2.819200000000000017e+01,nan,1.140577080359826169e-02,0.000000000000000000e+00
2.820799999999999841e+01,nan,1.103922748157221481e-02,0.000000000000000000e+00
2.822400000000000020e+01,nan,1.044417320005944748e-02,0.000000000000000000e+00
2.823999999999999844e+01,nan,1.000412283711665795e-02,0.000000000000000000e+00
2.825600000000000023e+01,nan,1.000000011936926989e-02,0.000000000000000000e+00
2.827199999999999847e+01,nan,2.963039932298816978e-12,0.000000000000000000e+00
2.828800000000000026e+01,nan,1.000000004718869587e-02,0.000000000000000000e+00
2.830399999999999849e+01,nan,1.000000002150745228e-02,0.000000000000000000e+00
2.832000000000000028e+01,nan,1.000007801206495399e-02,0.000000000000000000e+00
2.833599999999999852e+01,nan,4.843598670343886284e-13,0.000000000000000000e+00
2.835200000000000031e+01,nan,1.000000285180127624e-02,0.000000000000000000e+00
2.836799999999999855e+01,nan,1.000000016643226575e-02,0.000000000000000000e+00
2.838400000000000034e+01,nan,4.822872349748240604e-13,0.000000000000000000e+00
2.839999999999999858e+01,nan,4.903087206357807791e-13,0.000000000000000000e+00
2.841600000000000037e+01,nan,5.037770122430143790e-11,0.000000000000000000e+00
2.843199999999999861e+01,nan,1.865413653418122151e-10,0.000000000000000000e+00
2.844800000000000040e+01,nan,1.000000031822748624e-02,0.000000000000000000e+00
2.846399999999999864e+01,nan,1.000002322131710551e-02,0.000000000000000000e+00
2.848000000000000043e+01,nan,1.000011971430197696e-02,0.000000000000000000e+00
2.849599999999999866e+01,nan,1.000018196035071423e-02,0.000000000000000000e+00
2.851200000000000045e+01,nan,1.000047566161560431e-02,0.000000000000000000e+00
2.852799999999999869e+01,nan,1.000009443359124034e-02,0.000000000000000000e+00
2.854400000000000048e+01,nan,6.056612529315689336e-09,0.000000000000000000e+00
2.855999999999999872e+01,nan,1.578986201113428130e-08,0.000000000000000000e+00
2.857600000000000051e+01,nan,5.706093352380610007e-09,0.000000000000000000e+00
2.859199999999999875e+01,nan,2.509140489867733937e-08,0.000000000000000000e+00
2.860800000000000054e+01,nan,1.579684494551149480e-08,0.000000000000000000e+00
2.862399999999999878e+01,nan,3.778045626607596619e-09,0.000000000000000000e+00
2.864000000000000057e+01,nan,1.615307653173379359e-08,0.000000000000000000e+00
2.865599999999999881e+01,nan,1.002133834531834106e-02,0.000000000000000000e+00
2.867200000000000060e+01,nan,1.002654445714204479e-02,0.000000000000000000e+00
2.868799999999999883e+01,nan,1.000615423095093867e-02,0.000000000000000000e+00
2.870400000000000063e+01,nan,1.000187295742394067e-02,0.000000000000000000e+00
2.871999999999999886e+01,nan,1.108576756348825069e-02,0.000000000000000000e+00
2.873600000000000065e+01,nan,1.000902414258433848e-02,0.000000000000000000e+00
2.875199999999999889e+01,nan,1.005295928629006130e-02,0.000000000000000000e+00
2.876800000000000068e+01,nan,1.000001485046284229e-02,0.000000000000000000e+00
2.878399999999999892e+01,nan,2.710151082673558030e-14,0.000000000000000000e+00
2.880000000000000071e+01,nan,9.180080807019941971e-15,0.000000000000000000e+00
2.881599999999999895e+01,nan,9.108664875927080275e-15,0.000000000000000000e+00
2.883200000000000074e+01,nan,2.523255563953153884e-16,0.000000000000000000e+00
2.884799999999999898e+01,nan,4.812513845867631700e-13,0.000000000000000000e+00
2.886400000000000077e+01,nan,1.221316004661530867e-11,0.000000000000000000e+00
2.887999999999999901e+01,nan,1.000000023209757574e-02,0.000000000000000000e+00
2.889600000000000080e+01,nan,1.000001613761784640e-02,0.000000000000000000e+00
2.891199999999999903e+01,nan,1.000020629734645235e-02,0.000000000000000000e+00
2.892800000000000082e+01,nan,1.000123294603197897e-02,0.000000000000000000e+00
2.894399999999999906e+01,nan,1.000902548985234050e-02,0.000000000000000000e+00
2.896000000000000085e+01,nan,1.062260904084567914e-02,0.000000000000000000e+00
2.897599999999999909e+01,nan,1.818737573491054429e-02,0.000000000000000000e+00
2.899200000000000088e+01,nan,2.616802860893411783e-02,0.000000000000000000e+00
2.900799999999999912e+01,nan,3.010686179412915692e-02,0.000000000000000000e+00
2.902400000000000091e+01,nan,3.010686179418896324e-02,0.000000000000000000e+00
2.903999999999999915e+01,nan,3.489742801961920327e-02,0.000000000000000000e+00
2.905600000000000094e+01,nan,3.010686179412916386e-02,0.000000000000000000e+00
2.907199999999999918e+01,nan,3.010686179279229921e-02,0.000000000000000000e+00
2.908800000000000097e+01,nan,1.398021037999211055e-02,0.000000000000000000e+00
2.910399999999999920e+01,nan,1.005296754590000174e-02,0.000000000000000000e+00
2.912000000000000099e+01,nan,1.000012784523090885e-02,0.000000000000000000e+00
2.913599999999999923e+01,nan,1.000051671960289212e-02,0.000000000000000000e+00
2.915200000000000102e+01,nan,1.000123296358340977e-02,0.000000000000000000e+00
2.916799999999999926e+01,nan,1.000000465823156458e-02,0.000000000000000000e+00
2.918400000000000105e+01,nan,2.546175308362279888e-11,0.000000000000000000e+00
2.919999999999999929e+01,nan,1.204053771814140389e-12,0.000000000000000000e+00
2.921600000000000108e+01,nan,2.922592358478287969e-12,0.000000000000000000e+00
2.923199999999999932e+01,nan,6.424099533178542510e-12,0.000000000000000000e+00
2.924800000000000111e+01,nan,1.297658999757452968e-11,0.000000000000000000e+00
2.926399999999999935e+01,nan,1.891745274982178497e-10,0.000000000000000000e+00
2.928000000000000114e+01,nan,1.000611025975092598e-02,0.000000000000000000e+00
2.929599999999999937e+01,nan,1.002671049928687518e-02,0.000000000000000000e+00
2.931200000000000117e+01,nan,1.000902414235235911e-02,0.000000000000000000e+00
2.932799999999999940e+01,nan,1.003776415173184347e-02,0.000000000000000000e+00
2.934400000000000119e+01,nan,1.005296718088284115e-02,0.000000000000000000e+00
2.935999999999999943e+01,nan,1.005296754596585705e-02,0.000000000000000000e+00
2.937600000000000122e+01,nan,1.034905513337584446e-02,0.000000000000000000e+00
2.939199999999999946e+01,nan,1.108579188894337139e-02,0.000000000000000000e+00
2.940800000000000125e+01,nan,3.010686179070436175e-02,0.000000000000000000e+00
2.942399999999999949e+01,nan,9.203757080387853229e-02,0.000000000000000000e+00
2.944000000000000128e+01,nan,1.504646013243846336e-01,0.000000000000000000e+00
2.945599999999999952e+01,nan,1.504646013350363076e-01,0.000000000000000000e+00
2.947200000000000131e+01,nan,1.279370862823361876e-01,0.000000000000000000e+00
2.948799999999999955e+01,nan,6.608151262061870423e-02,0.000000000000000000e+00
2.950400000000000134e+01,nan,4.069733021812253076e-02,0.000000000000000000e+00
2.951999999999999957e+01,nan,1.818737117906414277e-02,0.000000000000000000e+00
2.953600000000000136e+01,nan,1.082446368655031951e-02,0.000000000000000000e+00
2.955199999999999960e+01,nan,1.082446372823416512e-02,0.000000000000000000e+00
2.956800000000000139e+01,nan,1.000000286760970199e-02,0.000000000000000000e+00
2.958399999999999963e+01,nan,2.031762604873087186e-02,0.000000000000000000e+00
2.960000000000000142e+01,nan,9.203756625633296995e-02,0.000000000000000000e+00
2.961599999999999966e+01,nan,1.034905262576049992e-02,0.000000000000000000e+00
2.963200000000000145e+01,nan,1.001306633861019819e-02,0.000000000000000000e+00
2.964799999999999969e+01,nan,1.000004691938499897e-02,0.000000000000000000e+00
2.966400000000000148e+01,nan,1.252690287305216486e-11,0.000000000000000000e+00
2.967999999999999972e+01,nan,1.000000009793123798e-02,0.000000000000000000e+00
2.969600000000000151e+01,nan,1.000000010002367531e-02,0.000000000000000000e+00
2.971199999999999974e+01,nan,1.946062627968176666e-13,0.000000000000000000e+00
2.972800000000000153e+01,nan,1.204108438626747739e-12,0.000000000000000000e+00
2.974399999999999977e+01,nan,1.000000081401490604e-02,0.000000000000000000e+00
2.976000000000000156e+01,nan,1.000032860450165983e-02,0.000000000000000000e+00
2.977599999999999980e+01,nan,1.000902549334298577e-02,0.000000000000000000e+00
2.979200000000000159e+01,nan,1.014004604470406662e-02,0.000000000000000000e+00
2.980799999999999983e+01,nan,1.142233425070907429e-02,0.000000000000000000e+00
2.982400000000000162e+01,nan,2.616802405308771284e-02,0.000000000000000000e+00
2.983999999999999986e+01,nan,6.608150459752822059e-02,0.000000000000000000e+00
2.985600000000000165e+01,nan,1.279370619769070461e-01,0.000000000000000000e+00
2.987199999999999989e+01,nan,2.407543262611433754e-01,0.000000000000000000e+00
2.988800000000000168e+01,nan,2.065065121150062577e-01,0.000000000000000000e+00
2.990399999999999991e+01,nan,1.279366349990574137e-01,0.000000000000000000e+00
2.992000000000000171e+01,nan,5.607069429806462585e-02,0.000000000000000000e+00
2.993599999999999994e+01,nan,2.616774160617011194e-02,0.000000000000000000e+00
2.995200000000000173e+01,nan,1.310024837837670160e-02,0.000000000000000000e+00
2.996799999999999997e+01,nan,1.108579053818485247e-02,0.000000000000000000e+00
2.998400000000000176e+01,nan,1.062260904037538867e-02,0.000000000000000000e+00
3.000000000000000000e+01,nan,1.007375175598038478e-02,0.000000000000000000e+00
3.001599999999999824e+01,nan,1.000187304601255107e-02,0.000000000000000000e+00
3.003200000000000003e+01,nan,1.000012780354869561e-02,0.000000000000000000e+00
3.004799999999999827e+01,nan,1.000000020889274359e-02,0.000000000000000000e+00
3.006400000000000006e+01,nan,1.000000000944000107e-02,0.000000000000000000e+00
3.007999999999999829e+01,nan,1.118585300944884187e-09,0.000000000000000000e+00
3.009600000000000009e+01,nan,2.670687064795348776e-12,0.000000000000000000e+00
3.011199999999999832e+01,nan,2.550084359924134574e-16,0.000000000000000000e+00
3.012800000000000011e+01,nan,2.683116170745086069e-14,0.000000000000000000e+00
3.014399999999999835e+01,nan,1.221599451804316358e-11,0.000000000000000000e+00
3.016000000000000014e+01,nan,2.162246235098278718e-13,0.000000000000000000e+00
3.017599999999999838e+01,nan,2.672497311650224428e-12,0.000000000000000000e+00
3.019200000000000017e+01,nan,1.373550072740760672e-11,0.000000000000000000e+00
3.020799999999999841e+01,nan,1.041076980094269820e-10,0.000000000000000000e+00
3.022400000000000020e+01,nan,1.000000910467863970e-02,0.000000000000000000e+00
3.023999999999999844e+01,nan,1.000007674836854432e-02,0.000000000000000000e+00
3.025600000000000023e+01,nan,1.000187169501063657e-02,0.000000000000000000e+00
3.027199999999999847e+01,nan,1.000004565700019291e-02,0.000000000000000000e+00
3.028800000000000026e+01,nan,1.000032404734766192e-02,0.000000000000000000e+00
3.030399999999999849e+01,nan,1.000902414255510145e-02,0.000000000000000000e+00
3.032000000000000028e+01,nan,1.025905019476349399e-02,0.000000000000000000e+00
3.033599999999999852e+01,nan,1.062260867589628378e-02,0.000000000000000000e+00
3.035200000000000031e+01,nan,1.185350404392065612e-02,0.000000000000000000e+00
3.036799999999999855e+01,nan,1.142233406826242276e-02,0.000000000000000000e+00
3.038400000000000034e+01,nan,1.062260903260903340e-02,0.000000000000000000e+00
3.039999999999999858e+01,nan,1.019107549347766754e-02,0.000000000000000000e+00
3.041600000000000037e+01,nan,1.000123296496528875e-02,0.000000000000000000e+00
3.043199999999999861e+01,nan,1.000123296498448694e-02,0.000000000000000000e+00
3.044800000000000040e+01,nan,1.000001622502012452e-02,0.000000000000000000e+00
3.046399999999999864e+01,nan,1.003774117854669932e-02,0.000000000000000000e+00
3.048000000000000043e+01,nan,1.002508875207717802e-02,0.000000000000000000e+00
3.049599999999999866e+01,nan,1.000000020749003404e-02,0.000000000000000000e+00
3.051200000000000045e+01,nan,1.000000000950596740e-02,0.000000000000000000e+00
3.052799999999999869e+01,nan,1.000020633903134226e-02,0.000000000000000000e+00
3.054400000000000048e+01,nan,1.000012784523254122e-02,0.000000000000000000e+00
3.055999999999999872e+01,nan,1.000000521622944685e-02,0.000000000000000000e+00
3.057600000000000051e+01,nan,1.000187304601254934e-02,0.000000000000000000e+00
3.059199999999999875e+01,nan,1.000902549334298404e-02,0.000000000000000000e+00
3.060800000000000054e+01,nan,1.001306884623897643e-02,0.000000000000000000e+00
3.062399999999999878e+01,nan,1.003776550292968632e-02,0.000000000000000000e+00
3.064000000000000057e+01,nan,1.003776550292968806e-02,0.000000000000000000e+00
3.065599999999999881e+01,nan,1.000617855533407832e-02,0.000000000000000000e+00
3.067200000000000060e+01,nan,1.000007810228032389e-02,0.000000000000000000e+00
3.068799999999999883e+01,nan,1.000000521622944512e-02,0.000000000000000000e+00
3.070400000000000063e+01,nan,1.000002785026228580e-02,0.000000000000000000e+00
3.071999999999999886e+01,nan,1.000020633903134053e-02,0.000000000000000000e+00
3.073600000000000065e+01,nan,1.000012784523254122e-02,0.000000000000000000e+00
3.075199999999999889e+01,nan,1.000617855533407832e-02,0.000000000000000000e+00
3.076800000000000068e+01,nan,1.001876450976913781e-02,0.000000000000000000e+00
3.078399999999999892e+01,nan,1.034905057750753858e-02,0.000000000000000000e+00
3.080000000000000071e+01,nan,1.025905019476364317e-02,0.000000000000000000e+00
3.081599999999999895e+01,nan,1.002672467381076835e-02,0.000000000000000000e+00
3.083200000000000074e+01,nan,1.000000928748663066e-02,0.000000000000000000e+00
3.084799999999999898e+01,nan,1.000000154655429629e-02,0.000000000000000000e+00
3.086400000000000077e+01,nan,1.000000521622944859e-02,0.000000000000000000e+00
3.087999999999999901e+01,nan,1.000000287110036808e-02,0.000000000000000000e+00
3.089600000000000080e+01,nan,1.000000287110036808e-02,0.000000000000000000e+00
3.091199999999999903e+01,nan,1.000000521622944859e-02,0.000000000000000000e+00
3.092800000000000082e+01,nan,1.000000010142939634e-02,0.000000000000000000e+00
3.094399999999999906e+01,nan,1.000000004772602473e-02,0.000000000000000000e+00
3.096000000000000085e+01,nan,1.000000000399662269e-02,0.000000000000000000e+00
3.097599999999999909e+01,nan,1.000000000022191297e-02,0.000000000000000000e+00
3.099200000000000088e+01,nan,9.080201951778077447e-15,0.000000000000000000e+00
3.100799999999999912e+01,nan,2.671981520071035707e-14,0.000000000000000000e+00
3.102400000000000091e+01,nan,2.899035631405217915e-15,0.000000000000000000e+00
3.103999999999999915e+01,nan,1.000001973842169767e-02,0.000000000000000000e+00
3.105600000000000094e+01,nan,5.194462602798851419e-11,0.000000000000000000e+00
3.107199999999999918e+01,nan,2.668731336297037176e-11,0.000000000000000000e+00
3.108800000000000097e+01,nan,7.072000647251476088e-10,0.000000000000000000e+00
3.110399999999999920e+01,nan,1.000187304601255107e-02,0.000000000000000000e+00
3.112000000000000099e+01,nan,1.000007810228032389e-02,0.000000000000000000e+00
3.113599999999999923e+01,nan,1.000000521622944859e-02,0.000000000000000000e+00
3.115200000000000102e+01,nan,1.000000154655429629e-02,0.000000000000000000e+00
3.116799999999999926e+01,nan,1.000000081401490604e-02,0.000000000000000000e+00
3.118400000000000105e+01,nan,1.000000020889274359e-02,0.000000000000000000e+00
3.119999999999999929e+01,nan,1.000012784523254122e-02,0.000000000000000000e+00
3.121600000000000108e+01,nan,1.000020633903133879e-02,0.000000000000000000e+00
3.123199999999999932e+01,nan,1.000012784523254122e-02,0.000000000000000000e+00
3.124800000000000111e+01,nan,1.000007810227993878e-02,0.000000000000000000e+00
3.126399999999999935e+01,nan,1.000000000007539996e-02,0.000000000000000000e+00
3.128000000000000114e+01,nan,1.000000154655429629e-02,0.000000000000000000e+00
3.129599999999999937e+01,nan,1.000000020889274359e-02,0.000000000000000000e+00
3.131200000000000117e+01,nan,1.000000004772602473e-02,0.000000000000000000e+00
3.132799999999999940e+01,nan,1.000000000950596740e-02,0.000000000000000000e+00
3.134400000000000119e+01,nan,1.000000000950596740e-02,0.000000000000000000e+00
3.135999999999999943e+01,nan,1.000000000399662269e-02,0.000000000000000000e+00
3.137600000000000122e+01,nan,1.000000000399662269e-02,0.000000000000000000e+00
3.139199999999999946e+01,nan,1.000000002170159212e-02,0.000000000000000000e+00
3.140800000000000125e+01,6.291969263940321753e+02,2.616802860893575541e-02,0.000000000000000000e+00
3.142399999999999949e+01,6.513855080845465864e+02,4.768699308253104147e-02,0.000000000000000000e+00
3.144000000000000128e+01,6.401950949393564088e+02,1.240312479355134764e-02,0.000000000000000000e+00
3.145599999999999952e+01,6.513855080845465864e+02,1.142233425070907429e-02,0.000000000000000000e+00
3.147200000000000131e+01,6.627715262060163468e+02,2.031762855636057991e-02,0.000000000000000000e+00
3.148799999999999955e+01,6.627715262060163468e+02,5.607139544589263142e-02,0.000000000000000000e+00
3.150400000000000134e+01,6.627715262060163468e+02,5.607139544589263142e-02,0.000000000000000000e+00
3.151999999999999957e+01,6.627715262060163468e+02,5.607139544589263142e-02,0.000000000000000000e+00
3.153600000000000136e+01,6.627715262060163468e+02,5.607139544589263142e-02,0.000000000000000000e+00
3.155199999999999960e+01,6.627715262060163468e+02,4.768699308253103453e-02,0.000000000000000000e+00
3.156800000000000139e+01,6.666109225987790978e+02,1.279370863012903314e-01,0.000000000000000000e+00
3.158399999999999963e+01,6.666109225987790978e+02,3.233360583906408348e-01,0.000000000000000000e+00
3.160000000000000142e+01,6.589542431092723973e+02,4.849868077159113500e-01,0.000000000000000000e+00
3.161599999999999966e+01,6.666109225987790978e+02,1.019107549696831108e-02,0.000000000000000000e+00
3.163200000000000145e+01,6.666109225987790978e+02,1.000000928748663066e-02,0.000000000000000000e+00
3.164799999999999969e+01,6.401950949393564088e+02,1.000187304601255107e-02,0.000000000000000000e+00
3.166400000000000148e+01,nan,0.000000000000000000e+00,0.000000000000000000e+00
3.167999999999999972e+01,6.589542431092723973e+02,1.000000000000000021e-02,0.000000000000000000e+00
3.169600000000000151e+01,6.551589459453340396e+02,1.000000000000000021e-02,0.000000000000000000e+00
3.171199999999999974e+01,6.112849112674765593e+02,1.000000000000000021e-02,0.000000000000000000e+00
3.172800000000000153e+01,5.836802651208738553e+02,1.000000000000000021e-02,0.000000000000000000e+00
3.174399999999999977e+01,6.042637052180766659e+02,1.000000000950596740e-02,0.000000000000000000e+00
3.176000000000000156e+01,6.042637052180766659e+02,1.000419105279527071e-02,0.000000000000000000e+00
3.177599999999999980e+01,6.513855080845465864e+02,1.818737573491218187e-02,0.000000000000000000e+00
3.179200000000000159e+01,6.513855080845465864e+02,5.607139544589263835e-02,0.000000000000000000e+00
3.180799999999999983e+01,6.589542431092723973e+02,1.025905055977886261e-02,0.000000000000000000e+00
3.182400000000000162e+01,6.551589459453340396e+02,1.001876450976913954e-02,0.000000000000000000e+00
3.183999999999999986e+01,6.513855080845465864e+02,1.000020633903134053e-02,0.000000000000000000e+00
3.185600000000000165e+01,nan,1.000000041792507323e-02,0.000000000000000000e+00
3.187199999999999989e+01,nan,1.000000004772602473e-02,0.000000000000000000e+00
3.188800000000000168e+01,nan,1.000000004772602473e-02,0.000000000000000000e+00
3.190399999999999991e+01,nan,1.000000041792507670e-02,0.000000000000000000e+00
3.192000000000000171e+01,nan,1.000000287110036808e-02,0.000000000000000000e+00
3.193599999999999994e+01,nan,1.000000928748663066e-02,0.000000000000000000e+00
3.195200000000000173e+01,nan,1.000001622642283580e-02,0.000000000000000000e+00
3.196799999999999997e+01,nan,1.000000154655429629e-02,0.000000000000000000e+00
3.198400000000000176e+01,nan,1.000000081401490604e-02,0.000000000000000000e+00
3.200000000000000000e+01,nan,1.000000010142939634e-02,0.000000000000000000e+00
3.201599999999999824e+01,nan,1.000000081401490430e-02,0.000000000000000000e+00
3.203199999999999648e+01,nan,1.000020633903095715e-02,0.000000000000000000e+00
3.204800000000000182e+01,nan,1.000902549334298577e-02,0.000000000000000000e+00
3.206400000000000006e+01,nan,1.000000928748663066e-02,0.000000000000000000e+00
3.207999999999999829e+01,nan,1.000000000007539996e-02,0.000000000000000000e+00
3.209599999999999653e+01,nan,1.000000000000692522e-02,0.000000000000000000e+00
3.211200000000000188e+01,nan,1.000000000000000021e-02,0.000000000000000000e+00
3.212800000000000011e+01,nan,1.000000000000000021e-02,0.000000000000000000e+00
3.214399999999999835e+01,nan,1.000000000000000021e-02,0.000000000000000000e+00
3.215999999999999659e+01,nan,1.000000000007539996e-02,0.000000000000000000e+00
3.217600000000000193e+01,nan,1.000000000160603496e-02,0.000000000000000000e+00
3.219200000000000017e+01,nan,1.000000000160603496e-02,0.000000000000000000e+00
3.220799999999999841e+01,nan,1.000000004772602473e-02,0.000000000000000000e+00
3.222399999999999665e+01,nan,1.000000000000000021e-02,0.000000000000000000e+00
3.224000000000000199e+01,nan,1.000000000000000021e-02,0.000000000000000000e+00
3.225600000000000023e+01,nan,1.000000000007539996e-02,0.000000000000000000e+00
3.227199999999999847e+01,nan,1.000000000160603496e-02,0.000000000000000000e+00
3.228799999999999670e+01,nan,1.000000000950596740e-02,0.000000000000000000e+00
3.230400000000000205e+01,nan,1.000004700797729913e-02,0.000000000000000000e+00
3.232000000000000028e+01,nan,1.000012784523254122e-02,0.000000000000000000e+00
3.233599999999999852e+01,nan,1.000001622642283580e-02,0.000000000000000000e+00
3.235199999999999676e+01,nan,1.000000041792507670e-02,0.000000000000000000e+00
3.236800000000000210e+01,nan,1.000000081401490604e-02,0.000000000000000000e+00
3.238400000000000034e+01,nan,1.000032860450165983e-02,0.000000000000000000e+00
3.239999999999999858e+01,nan,1.001876450976913954e-02,0.000000000000000000e+00
3.241599999999999682e+01,nan,1.000902549334298577e-02,0.000000000000000000e+00
3.243200000000000216e+01,nan,1.000187304601255107e-02,0.000000000000000000e+00
3.244800000000000040e+01,nan,1.000020633903134053e-02,0.000000000000000000e+00
3.246399999999999864e+01,nan,1.000000928748663066e-02,0.000000000000000000e+00
3.247999999999999687e+01,nan,1.000000521622944859e-02,0.000000000000000000e+00
3.249600000000000222e+01,nan,1.000000521622944859e-02,0.000000000000000000e+00
3.251200000000000045e+01,nan,1.000000002170159039e-02,0.000000000000000000e+00
3.252799999999999869e+01,nan,1.000000020889274359e-02,0.000000000000000000e+00
3.254399999999999693e+01,nan,1.000051671960452276e-02,0.000000000000000000e+00
3.256000000000000227e+01,nan,1.007375176428288409e-02,0.000000000000000000e+00
3.257600000000000051e+01,nan,1.005296754596585879e-02,0.000000000000000000e+00
3.259199999999999875e+01,nan,1.025905055977886435e-02,0.000000000000000000e+00
3.260799999999999699e+01,nan,1.000001622642283580e-02,0.000000000000000000e+00
3.262400000000000233e+01,nan,1.000000004772602473e-02,0.000000000000000000e+00
3.264000000000000057e+01,nan,1.000000287110036634e-02,0.000000000000000000e+00
3.265599999999999881e+01,nan,1.000000287110036808e-02,0.000000000000000000e+00
3.267199999999999704e+01,nan,1.000000154655429629e-02,0.000000000000000000e+00
3.268800000000000239e+01,nan,1.000000521622944685e-02,0.000000000000000000e+00
3.270400000000000063e+01,nan,1.000000521622944859e-02,0.000000000000000000e+00
3.271999999999999886e+01,nan,1.000000287110036981e-02,0.000000000000000000e+00
3.273599999999999710e+01,nan,1.000000521622944859e-02,0.000000000000000000e+00
3.275200000000000244e+01,nan,1.000001622642283407e-02,0.000000000000000000e+00
3.276800000000000068e+01,nan,1.000000521622944859e-02,0.000000000000000000e+00
3.278399999999999892e+01,nan,1.000000521622944685e-02,0.000000000000000000e+00
3.279999999999999716e+01,nan,1.000051671960452450e-02,0.000000000000000000e+00
3.281600000000000250e+01,nan,1.000123296498611758e-02,0.000000000000000000e+00
3.283200000000000074e+01,nan,1.002672467381077008e-02,0.000000000000000000e+00
3.284799999999999898e+01,nan,1.046753361706990494e-02,0.000000000000000000e+00
3.286399999999999721e+01,nan,1.019107549696831108e-02,0.000000000000000000e+00
3.288000000000000256e+01,nan,1.007375176428288409e-02,0.000000000000000000e+00
3.289600000000000080e+01,nan,1.002672467381077008e-02,0.000000000000000000e+00
3.291199999999999903e+01,nan,1.001306884623897470e-02,0.000000000000000000e+00
3.292799999999999727e+01,nan,1.000617855533407832e-02,0.000000000000000000e+00
3.294400000000000261e+01,nan,1.000419105279527071e-02,0.000000000000000000e+00
3.296000000000000085e+01,nan,1.000281582581110003e-02,0.000000000000000000e+00
3.297599999999999909e+01,nan,1.000001622642283580e-02,0.000000000000000000e+00
3.299199999999999733e+01,nan,1.000000081401490604e-02,0.000000000000000000e+00
3.300800000000000267e+01,nan,1.000000154655429803e-02,0.000000000000000000e+00
3.302400000000000091e+01,nan,1.000004700797729913e-02,0.000000000000000000e+00
3.303999999999999915e+01,nan,1.000000928748663240e-02,0.000000000000000000e+00
3.305599999999999739e+01,5.904623031168561056e+02,1.000000081401490604e-02,0.000000000000000000e+00
3.307200000000000273e+01,6.077641692518476475e+02,1.000000000160603496e-02,0.000000000000000000e+00
3.308800000000000097e+01,6.401950949393564088e+02,1.000000000007539996e-02,0.000000000000000000e+00
3.310399999999999920e+01,6.255730187627005989e+02,1.000000000061385987e-02,0.000000000000000000e+00
3.311999999999999744e+01,6.077641692518476475e+02,1.000000000061385987e-02,0.000000000000000000e+00
3.313600000000000279e+01,6.183876998014148967e+02,1.000000000007539996e-02,0.000000000000000000e+00
3.315200000000000102e+01,5.973231445984582706e+02,1.000000002170159212e-02,0.000000000000000000e+00
3.316799999999999926e+01,5.803185141677159891e+02,1.000004700797730087e-02,0.000000000000000000e+00
3.318399999999999750e+01,5.736529875251480917e+02,1.000617855533407832e-02,0.000000000000000000e+00
3.320000000000000284e+01,5.637979725567375908e+02,1.046753361706990494e-02,0.000000000000000000e+00
3.321600000000000108e+01,5.637979725567375908e+02,3.010686179419502090e-02,0.000000000000000000e+00
3.323199999999999932e+01,5.605507351822845976e+02,7.797523762294819583e-02,0.000000000000000000e+00
3.324799999999999756e+01,5.637979725567375908e+02,2.065067991177522988e-01,0.000000000000000000e+00
3.326400000000000290e+01,5.605507351822845976e+02,4.260623290432817289e-01,0.000000000000000000e+00
3.328000000000000114e+01,5.605507351822845976e+02,3.233360583906408348e-01,0.000000000000000000e+00
3.329599999999999937e+01,5.605507351822845976e+02,7.797523762294818195e-02,0.000000000000000000e+00
3.331199999999999761e+01,5.605507351822845976e+02,1.818737573491218187e-02,0.000000000000000000e+00
3.332800000000000296e+01,5.573222005188724779e+02,1.818737573491217840e-02,0.000000000000000000e+00
3.334400000000000119e+01,5.573222005188724779e+02,1.240312479355134764e-02,0.000000000000000000e+00
3.335999999999999943e+01,5.541122608468118642e+02,1.142233425070907429e-02,0.000000000000000000e+00
3.337599999999999767e+01,5.573222005188724779e+02,1.185350539468341298e-02,0.000000000000000000e+00
3.339200000000000301e+01,5.605507351822845976e+02,1.818737573491218187e-02,0.000000000000000000e+00
3.340800000000000125e+01,5.605507351822845976e+02,4.768699308253104147e-02,0.000000000000000000e+00
3.342399999999999949e+01,5.605507351822845976e+02,1.765306086328976287e-01,0.000000000000000000e+00
3.343999999999999773e+01,5.637979725567375908e+02,4.260623290432817289e-01,0.000000000000000000e+00
3.345600000000000307e+01,5.605507351822845976e+02,6.159498854580680582e-01,0.000000000000000000e+00
3.347200000000000131e+01,5.637979725567375908e+02,6.159498854580680582e-01,0.000000000000000000e+00
3.348799999999999955e+01,nan,4.069733156888106357e-02,0.000000000000000000e+00
3.350399999999999778e+01,nan,1.082446372823416686e-02,0.000000000000000000e+00
3.352000000000000313e+01,nan,1.000000000000000021e-02,0.000000000000000000e+00
3.353600000000000136e+01,nan,1.000080278092725476e-02,0.000000000000000000e+00
3.355199999999999960e+01,nan,1.000080278092725476e-02,0.000000000000000000e+00
3.356799999999999784e+01,nan,1.000187304601255107e-02,0.000000000000000000e+00
3.358400000000000318e+01,nan,1.003776550292968632e-02,0.000000000000000000e+00
3.360000000000000142e+01,nan,1.019107549696830935e-02,0.000000000000000000e+00
3.361599999999999966e+01,nan,1.082446372823416686e-02,0.000000000000000000e+00
3.363199999999999790e+01,nan,1.142233425070907256e-02,0.000000000000000000e+00
3.364800000000000324e+01,nan,1.818737573491218534e-02,0.000000000000000000e+00
3.366400000000000148e+01,8.002438686741956531e+01,4.069733156888104969e-02,0.000000000000000000e+00
3.367999999999999972e+01,7.956348031480258953e+01,3.010686179419500355e-02,0.000000000000000000e+00
3.369599999999999795e+01,7.956348031480258953e+01,1.310026255051339322e-02,0.000000000000000000e+00
3.371200000000000330e+01,7.910522838858841510e+01,1.082446372823416686e-02,0.000000000000000000e+00
3.372800000000000153e+01,7.774624791293123849e+01,1.046753361706990494e-02,0.000000000000000000e+00
3.374399999999999977e+01,7.641061390843456991e+01,1.108579188894337139e-02,0.000000000000000000e+00
3.375999999999999801e+01,7.553296315225958324e+01,2.031762855636058338e-02,0.000000000000000000e+00
3.377600000000000335e+01,7.466539307480728382e+01,3.010686179419501049e-02,0.000000000000000000e+00
3.379200000000000159e+01,7.423535205520015268e+01,3.010686179419500355e-02,0.000000000000000000e+00
3.380799999999999983e+01,7.380778788960702741e+01,2.031762855636057991e-02,0.000000000000000000e+00
3.382399999999999807e+01,7.296003314010924612e+01,2.616802860893575541e-02,0.000000000000000000e+00
3.384000000000000341e+01,7.212201568440993071e+01,2.616802860893575194e-02,0.000000000000000000e+00
3.385600000000000165e+01,7.088300262324175094e+01,4.069733156888104969e-02,0.000000000000000000e+00
3.387199999999999989e+01,7.006884189778557470e+01,6.608151270920700759e-02,0.000000000000000000e+00
3.388799999999999812e+01,6.926403260585146882e+01,1.279370863012903869e-01,0.000000000000000000e+00
3.390400000000000347e+01,6.926403260585146882e+01,1.504646013433388052e-01,0.000000000000000000e+00
3.392000000000000171e+01,6.886510113335420158e+01,1.085797707287449732e-01,0.000000000000000000e+00
3.393599999999999994e+01,6.807411798334074149e+01,7.797523762294818195e-02,0.000000000000000000e+00
3.395199999999999818e+01,6.768203991476242720e+01,3.010686179419500355e-02,0.000000000000000000e+00
3.396800000000000352e+01,6.690464538182698107e+01,1.646758759311301237e-02,0.000000000000000000e+00
3.398400000000000176e+01,nan,1.185350539468341124e-02,0.000000000000000000e+00
3.400000000000000000e+01,nan,1.310026255051339496e-02,0.000000000000000000e+00
3.401599999999999824e+01,nan,2.031762855636057991e-02,0.000000000000000000e+00
3.403199999999999648e+01,nan,3.010686179419500702e-02,0.000000000000000000e+00
3.404800000000000182e+01,nan,1.310026255051339669e-02,0.000000000000000000e+00
3.406400000000000006e+01,nan,1.019107549696831108e-02,0.000000000000000000e+00
3.407999999999999829e+01,nan,1.000000928748663066e-02,0.000000000000000000e+00
3.409599999999999653e+01,nan,1.000000010142939634e-02,0.000000000000000000e+00
3.411200000000000188e+01,nan,1.000000002170159212e-02,0.000000000000000000e+00
3.412800000000000011e+01,nan,1.000000002170159212e-02,0.000000000000000000e+00
3.414399999999999835e+01,nan,1.000000000950596740e-02,0.000000000000000000e+00
3.415999999999999659e+01,nan,1.000001622642283580e-02,0.000000000000000000e+00
3.417600000000000193e+01,nan,1.000007810228032389e-02,0.000000000000000000e+00
3.419200000000000017e+01,nan,1.000080278092725476e-02,0.000000000000000000e+00
3.420799999999999841e+01,nan,1.000281582581109829e-02,0.000000000000000000e+00
3.422399999999999665e+01,nan,1.000123296498611758e-02,0.000000000000000000e+00
3.424000000000000199e+01,nan,1.000281582581110003e-02,0.000000000000000000e+00
3.425600000000000023e+01,nan,1.000123296498611931e-02,0.000000000000000000e+00
3.427199999999999847e+01,nan,1.000123296498611931e-02,0.000000000000000000e+00
3.428799999999999670e+01,nan,1.000051671960452450e-02,0.000000000000000000e+00
3.430400000000000205e+01,nan,1.000032860450166157e-02,0.000000000000000000e+00
3.432000000000000028e+01,nan,1.000004700797730087e-02,0.000000000000000000e+00
3.433599999999999852e+01,nan,1.000007810228032389e-02,0.000000000000000000e+00
3.435199999999999676e+01,nan,1.000000521622944859e-02,0.000000000000000000e+00
3.436800000000000210e+01,nan,1.000000928748663066e-02,0.000000000000000000e+00
3.438400000000000034e+01,nan,1.000000287110036634e-02,0.000000000000000000e+00
3.439999999999999858e+01,nan,1.000000154655429629e-02,0.000000000000000000e+00
3.441599999999999682e+01,nan,1.000000041792507670e-02,0.000000000000000000e+00
3.443200000000000216e+01,nan,1.000000041792507670e-02,0.000000000000000000e+00
3.444800000000000040e+01,nan,1.000000521622944859e-02,0.000000000000000000e+00
3.446399999999999864e+01,nan,1.000001622642283580e-02,0.000000000000000000e+00
3.447999999999999687e+01,nan,1.000032860450165983e-02,0.000000000000000000e+00
3.449600000000000222e+01,nan,1.000080278092725476e-02,0.000000000000000000e+00
3.451200000000000045e+01,nan,1.000032860450165983e-02,0.000000000000000000e+00
3.452799999999999869e+01,nan,1.000012784523253949e-02,0.000000000000000000e+00
3.454399999999999693e+01,nan,1.000020633903134053e-02,0.000000000000000000e+00
3.456000000000000227e+01,nan,1.000007810228032389e-02,0.000000000000000000e+00
3.457600000000000051e+01,nan,1.000002785026228580e-02,0.000000000000000000e+00
3.459199999999999875e+01,nan,1.000004700797730087e-02,0.000000000000000000e+00
3.460799999999999699e+01,nan,1.000012784523254122e-02,0.000000000000000000e+00
3.462400000000000233e+01,nan,1.000000521622944859e-02,0.000000000000000000e+00
3.464000000000000057e+01,nan,1.000000287110036808e-02,0.000000000000000000e+00
3.465599999999999881e+01,nan,1.000007810228032389e-02,0.000000000000000000e+00
3.467199999999999704e+01,nan,1.000007810228032389e-02,0.000000000000000000e+00
3.468800000000000239e+01,nan,1.000032860450165983e-02,0.000000000000000000e+00
3.470400000000000063e+01,nan,1.000020633903134053e-02,0.000000000000000000e+00
3.471999999999999886e+01,nan,1.000002785026228580e-02,0.000000000000000000e+00
3.473599999999999710e+01,nan,1.000020633903134053e-02,0.000000000000000000e+00
3.475200000000000244e+01,nan,1.000012784523254122e-02,0.000000000000000000e+00
3.476800000000000068e+01,nan,1.000032860450165983e-02,0.000000000000000000e+00
3.478399999999999892e+01,nan,1.000032860450166157e-02,0.000000000000000000e+00
3.479999999999999716e+01,nan,1.000032860450165983e-02,0.000000000000000000e+00
3.481600000000000250e+01,nan,1.000032860450165983e-02,0.000000000000000000e+00
3.483200000000000074e+01,nan,1.000032860450165983e-02,0.000000000000000000e+00
3.484799999999999898e+01,nan,1.000080278092725476e-02,0.000000000000000000e+00
3.486399999999999721e+01,nan,1.000281582581110003e-02,0.000000000000000000e+00
3.488000000000000256e+01,nan,1.000187304601255107e-02,0.000000000000000000e+00
3.489600000000000080e+01,nan,1.000012784523254122e-02,0.000000000000000000e+00
3.491199999999999903e+01,nan,1.000000521622944859e-02,0.000000000000000000e+00
3.492799999999999727e+01,nan,1.000012784523254122e-02,0.000000000000000000e+00
3.494400000000000261e+01,nan,1.000007810228032389e-02,0.000000000000000000e+00
3.496000000000000085e+01,nan,1.000020633903134053e-02,0.000000000000000000e+00
3.497599999999999909e+01,nan,1.000020633903134053e-02,0.000000000000000000e+00
3.499199999999999733e+01,nan,1.000187304601255107e-02,0.000000000000000000e+00
3.500800000000000267e+01,nan,1.000002785026228580e-02,0.000000000000000000e+00
3.502400000000000091e+01,nan,1.000007810228032389e-02,0.000000000000000000e+00
3.503999999999999915e+01,nan,1.000000521622944859e-02,0.000000000000000000e+00
3.505599999999999739e+01,nan,1.000000002170159039e-02,0.000000000000000000e+00
3.507200000000000273e+01,nan,1.000000004772602646e-02,0.000000000000000000e+00
3.508800000000000097e+01,nan,1.000000010142939461e-02,0.000000000000000000e+00
3.510399999999999920e+01,nan,1.000004700797730087e-02,0.000000000000000000e+00
3.511999999999999744e+01,nan,1.000617855533407832e-02,0.000000000000000000e+00
3.513600000000000279e+01,nan,1.000051671960452450e-02,0.000000000000000000e+00
3.515200000000000102e+01,1.192105256166072564e+02,1.000000010142939634e-02,0.000000000000000000e+00
3.516799999999999926e+01,1.158168333582441107e+02,1.000000000061385987e-02,0.000000000000000000e+00
3.518399999999999750e+01,1.192105256166072564e+02,1.000000000160603496e-02,0.000000000000000000e+00
3.520000000000000284e+01,1.192105256166072564e+02,1.000000000399662269e-02,0.000000000000000000e+00
3.521600000000000108e+01,1.192105256166072564e+02,1.000000000007539996e-02,0.000000000000000000e+00
3.523199999999999932e+01,1.192105256166072564e+02,1.000000000061385987e-02,0.000000000000000000e+00
3.524799999999999756e+01,1.151497774833068632e+02,1.000000000002384919e-02,0.000000000000000000e+00
3.526400000000000290e+01,1.192105256166072564e+02,1.000000000007539996e-02,0.000000000000000000e+00
3.528000000000000114e+01,1.192105256166072564e+02,1.000000000399662269e-02,0.000000000000000000e+00
3.529599999999999937e+01,1.151497774833068632e+02,1.000000000002385092e-02,0.000000000000000000e+00
3.531199999999999761e+01,1.199011051661721012e+02,1.000000000160603496e-02,0.000000000000000000e+00
3.532800000000000296e+01,1.151497774833068632e+02,1.000000000061385987e-02,0.000000000000000000e+00
3.534400000000000119e+01,1.158168333582441107e+02,1.000000000061385987e-02,0.000000000000000000e+00
3.535999999999999943e+01,1.199011051661721012e+02,1.000000002170159212e-02,0.000000000000000000e+00
3.537599999999999767e+01,1.158168333582441107e+02,1.000000000007539996e-02,0.000000000000000000e+00
3.539200000000000301e+01,1.192105256166072564e+02,1.000000000022191297e-02,0.000000000000000000e+00
3.540800000000000125e+01,1.199011051661721012e+02,1.000000000950596740e-02,0.000000000000000000e+00
3.542399999999999949e+01,1.158168333582441107e+02,1.000000000000692522e-02,0.000000000000000000e+00
3.543999999999999773e+01,1.199011051661721012e+02,1.000000000002385092e-02,0.000000000000000000e+00
3.545600000000000307e+01,1.185239235125681887e+02,1.000000000022191297e-02,0.000000000000000000e+00
3.547200000000000131e+01,1.192105256166072564e+02,1.000000000000186851e-02,0.000000000000000000e+00
3.548799999999999955e+01,1.205956852023702339e+02,1.000000000061385987e-02,0.000000000000000000e+00
3.550399999999999778e+01,1.199011051661721012e+02,1.000000000000186851e-02,0.000000000000000000e+00
3.552000000000000313e+01,1.199011051661721012e+02,1.000000000007539996e-02,0.000000000000000000e+00
3.553600000000000136e+01,1.199011051661721012e+02,1.000000000160603496e-02,0.000000000000000000e+00
3.555199999999999960e+01,1.199011051661721012e+02,1.000000000002384919e-02,0.000000000000000000e+00
3.556799999999999784e+01,1.241294085083541603e+02,1.000000000950596740e-02,0.000000000000000000e+00
3.558400000000000318e+01,1.199011051661721012e+02,1.000000000160603496e-02,0.000000000000000000e+00
3.560000000000000142e+01,1.199011051661721012e+02,1.000000000061385987e-02,0.000000000000000000e+00
3.561599999999999966e+01,1.248484828566305538e+02,1.000000010142939634e-02,0.000000000000000000e+00
3.563199999999999790e+01,1.199011051661721012e+02,1.000000000007539823e-02,0.000000000000000000e+00
3.564800000000000324e+01,1.248484828566305538e+02,1.000000000007539996e-02,0.000000000000000000e+00
3.566400000000000148e+01,1.248484828566305538e+02,1.000000002170159212e-02,0.000000000000000000e+00
3.567999999999999972e+01,1.248484828566305538e+02,1.000000000000692522e-02,0.000000000000000000e+00
3.569599999999999795e+01,1.248484828566305538e+02,1.000000000022191297e-02,0.000000000000000000e+00
3.571200000000000330e+01,1.248484828566305538e+02,1.000000000007539996e-02,0.000000000000000000e+00
3.572800000000000153e+01,1.248484828566305538e+02,1.000000000000692522e-02,0.000000000000000000e+00
3.574399999999999977e+01,1.248484828566305538e+02,1.000000000061385987e-02,0.000000000000000000e+00
3.575999999999999801e+01,nan,1.000000000000692349e-02,0.000000000000000000e+00
3.577600000000000335e+01,1.248484828566305538e+02,1.000000000160603496e-02,0.000000000000000000e+00
3.579200000000000159e+01,1.192105256166072564e+02,1.000000000061385813e-02,0.000000000000000000e+00
3.580799999999999983e+01,1.192105256166072564e+02,1.000000000002385092e-02,0.000000000000000000e+00
3.582399999999999807e+01,1.192105256166072564e+02,1.000000020889274359e-02,0.000000000000000000e+00
3.584000000000000341e+01,1.151497774833068632e+02,1.000000000000186851e-02,0.000000000000000000e+00
3.585600000000000165e+01,1.144865635674993030e+02,1.000000000000000021e-02,0.000000000000000000e+00
3.587199999999999989e+01,1.262991523499687645e+02,1.000000000000000021e-02,0.000000000000000000e+00
3.588799999999999812e+01,1.144865635674993030e+02,1.000000000000000021e-02,0.000000000000000000e+00
3.590400000000000347e+01,1.138271694827650720e+02,1.000000000000000021e-02,0.000000000000000000e+00
3.592000000000000171e+01,nan,0.000000000000000000e+00,0.000000000000000000e+00
