seconds,estimated_hz,voiced_probability,retained
0.000000000000000000e+00,nan,0.000000000000000000e+00,0.000000000000000000e+00
1.600000000000000033e-02,nan,0.000000000000000000e+00,0.000000000000000000e+00
3.200000000000000067e-02,nan,0.000000000000000000e+00,0.000000000000000000e+00
4.800000000000000100e-02,nan,1.000001622642273866e-02,0.000000000000000000e+00
6.400000000000000133e-02,nan,1.000000000007530455e-02,0.000000000000000000e+00
8.000000000000000167e-02,nan,2.553586655807948141e-16,0.000000000000000000e+00
9.600000000000000200e-02,nan,1.000000000000186851e-02,0.000000000000000000e+00
1.120000000000000023e-01,nan,1.000000000000526856e-02,0.000000000000000000e+00
1.280000000000000027e-01,nan,1.323418286315520394e-17,0.000000000000000000e+00
1.439999999999999891e-01,nan,1.000000004772436460e-02,0.000000000000000000e+00
1.600000000000000033e-01,nan,3.000193088870129140e-14,0.000000000000000000e+00
1.759999999999999898e-01,nan,5.293673145262081574e-17,0.000000000000000000e+00
1.920000000000000040e-01,nan,1.000000000000000021e-02,0.000000000000000000e+00
2.079999999999999905e-01,nan,1.000000000000000021e-02,0.000000000000000000e+00
2.240000000000000047e-01,nan,1.000000000000000021e-02,0.000000000000000000e+00
2.399999999999999911e-01,nan,1.000080278092725476e-02,0.000000000000000000e+00
2.560000000000000053e-01,nan,1.000004700797730087e-02,0.000000000000000000e+00
2.720000000000000195e-01,nan,1.019107549696831108e-02,0.000000000000000000e+00
2.879999999999999782e-01,nan,2.616802860893574847e-02,0.000000000000000000e+00
3.039999999999999925e-01,nan,4.069733156888105663e-02,0.000000000000000000e+00
3.200000000000000067e-01,nan,1.818737573491217840e-02,0.000000000000000000e+00
3.360000000000000209e-01,nan,1.398021038018592774e-02,0.000000000000000000e+00
3.519999999999999796e-01,nan,1.240312479355134764e-02,0.000000000000000000e+00
3.679999999999999938e-01,nan,1.108579188894337313e-02,0.000000000000000000e+00
3.840000000000000080e-01,nan,1.240312479355134764e-02,0.000000000000000000e+00
4.000000000000000222e-01,nan,1.398021038018592774e-02,0.000000000000000000e+00
4.159999999999999809e-01,nan,1.508558729750433813e-02,0.000000000000000000e+00
4.319999999999999951e-01,nan,1.240312479355134764e-02,0.000000000000000000e+00
4.480000000000000093e-01,nan,2.616802860893575541e-02,0.000000000000000000e+00
4.640000000000000235e-01,nan,5.607139544589261754e-02,0.000000000000000000e+00
4.799999999999999822e-01,nan,6.608151270920700759e-02,0.000000000000000000e+00
4.959999999999999964e-01,nan,2.294421912463860333e-02,0.000000000000000000e+00
5.120000000000000107e-01,nan,1.000000081401490604e-02,0.000000000000000000e+00
5.280000000000000249e-01,nan,1.001876450976913954e-02,0.000000000000000000e+00
5.440000000000000391e-01,nan,2.672490901838510865e-12,0.000000000000000000e+00
5.600000000000000533e-01,nan,1.862191360913726676e-10,0.000000000000000000e+00
5.759999999999999565e-01,nan,1.491232269812454010e-07,0.000000000000000000e+00
5.919999999999999707e-01,nan,5.053062351519459754e-07,0.000000000000000000e+00
6.079999999999999849e-01,nan,1.003526211818486086e-02,0.000000000000000000e+00
6.239999999999999991e-01,nan,1.025795833523258579e-02,0.000000000000000000e+00
6.400000000000000133e-01,nan,1.398003016036898465e-02,0.000000000000000000e+00
6.560000000000000275e-01,nan,4.069733085792150151e-02,0.000000000000000000e+00
6.720000000000000417e-01,nan,2.407543944338904618e-01,0.000000000000000000e+00
6.879999999999999449e-01,nan,6.159498854391137757e-01,0.000000000000000000e+00
7.039999999999999591e-01,nan,4.849868076742274714e-01,0.000000000000000000e+00
7.199999999999999734e-01,nan,1.034905513337584446e-02,0.000000000000000000e+00
7.359999999999999876e-01,nan,1.025905055977886088e-02,0.000000000000000000e+00
7.520000000000000018e-01,nan,1.003776550292968806e-02,0.000000000000000000e+00
7.680000000000000160e-01,nan,1.000419105279527245e-02,0.000000000000000000e+00
7.840000000000000302e-01,nan,1.000032860450165810e-02,0.000000000000000000e+00
8.000000000000000444e-01,nan,1.000000928748662893e-02,0.000000000000000000e+00
8.159999999999999476e-01,nan,1.000000287110036981e-02,0.000000000000000000e+00
8.319999999999999618e-01,nan,1.000001622642283580e-02,0.000000000000000000e+00
8.479999999999999760e-01,nan,1.000000154655429629e-02,0.000000000000000000e+00
8.639999999999999902e-01,nan,1.000000154655429803e-02,0.000000000000000000e+00
8.800000000000000044e-01,nan,1.000002785026228580e-02,0.000000000000000000e+00
8.960000000000000187e-01,nan,1.000020633903134053e-02,0.000000000000000000e+00
9.120000000000000329e-01,nan,1.000419105279527071e-02,0.000000000000000000e+00
9.280000000000000471e-01,nan,1.000902549334298577e-02,0.000000000000000000e+00
9.439999999999999503e-01,nan,1.000187304601255107e-02,0.000000000000000000e+00
9.599999999999999645e-01,nan,1.000051671960452450e-02,0.000000000000000000e+00
9.759999999999999787e-01,nan,1.000012784523254122e-02,0.000000000000000000e+00
9.919999999999999929e-01,nan,1.000002785026228407e-02,0.000000000000000000e+00
1.008000000000000007e+00,nan,1.000001622642283580e-02,0.000000000000000000e+00
1.024000000000000021e+00,nan,1.000004700797730087e-02,0.000000000000000000e+00
1.040000000000000036e+00,nan,1.000002785026228580e-02,0.000000000000000000e+00
1.056000000000000050e+00,nan,1.000007810228032389e-02,0.000000000000000000e+00
1.072000000000000064e+00,nan,1.000617855533407485e-02,0.000000000000000000e+00
1.088000000000000078e+00,nan,1.019107549696831108e-02,0.000000000000000000e+00
1.104000000000000092e+00,nan,1.398021038018592427e-02,0.000000000000000000e+00
1.120000000000000107e+00,nan,3.489742801962525398e-02,0.000000000000000000e+00
1.135999999999999899e+00,nan,6.608151270920700759e-02,0.000000000000000000e+00
1.151999999999999913e+00,nan,1.000419105279526898e-02,0.000000000000000000e+00
1.167999999999999927e+00,nan,1.000020633903133879e-02,0.000000000000000000e+00
1.183999999999999941e+00,9.729427538896358385e+01,1.007375176428288409e-02,0.000000000000000000e+00
1.199999999999999956e+00,9.673390159774432107e+01,1.002672467381077008e-02,0.000000000000000000e+00
1.215999999999999970e+00,9.673390159774432107e+01,1.002672467381077008e-02,0.000000000000000000e+00
1.231999999999999984e+00,9.617675532206624212e+01,1.003776550292968806e-02,0.000000000000000000e+00
1.247999999999999998e+00,9.617675532206624212e+01,1.010197459374499035e-02,0.000000000000000000e+00
1.264000000000000012e+00,9.617675532206624212e+01,1.019107549696831108e-02,0.000000000000000000e+00
1.280000000000000027e+00,9.562281797280768103e+01,1.185350539468341298e-02,0.000000000000000000e+00
1.296000000000000041e+00,9.842478041356446283e+01,1.007375176428288409e-02,0.000000000000000000e+00
1.312000000000000055e+00,9.842478041356446283e+01,1.010197459374499035e-02,0.000000000000000000e+00
1.328000000000000069e+00,9.899494936611665707e+01,1.818737573491218187e-02,0.000000000000000000e+00
1.344000000000000083e+00,9.842478041356446283e+01,2.616802860893575888e-02,0.000000000000000000e+00
1.360000000000000098e+00,9.785789539253136127e+01,2.294421912463860680e-02,0.000000000000000000e+00
1.375999999999999890e+00,9.785789539253136127e+01,1.025905055977886261e-02,0.000000000000000000e+00
1.391999999999999904e+00,9.785789539253136127e+01,1.034905513337584619e-02,0.000000000000000000e+00
1.407999999999999918e+00,9.785789539253136127e+01,1.019107549696830935e-02,0.000000000000000000e+00
1.423999999999999932e+00,9.785789539253136127e+01,1.007375176428288235e-02,0.000000000000000000e+00
1.439999999999999947e+00,9.842478041356446283e+01,1.005296754596585705e-02,0.000000000000000000e+00
1.455999999999999961e+00,9.842478041356446283e+01,1.003776550292968632e-02,0.000000000000000000e+00
1.471999999999999975e+00,9.842478041356446283e+01,1.003776550292968979e-02,0.000000000000000000e+00
1.487999999999999989e+00,9.842478041356446283e+01,1.007375176428288582e-02,0.000000000000000000e+00
1.504000000000000004e+00,9.842478041356446283e+01,1.002672467381076835e-02,0.000000000000000000e+00
1.520000000000000018e+00,nan,1.185350539468341124e-02,0.000000000000000000e+00
1.536000000000000032e+00,nan,2.294421912463860333e-02,0.000000000000000000e+00
1.552000000000000046e+00,nan,6.608151270920702147e-02,0.000000000000000000e+00
1.568000000000000060e+00,nan,2.407543944755742571e-01,0.000000000000000000e+00
1.584000000000000075e+00,nan,4.849868077159114055e-01,0.000000000000000000e+00
1.600000000000000089e+00,nan,1.000281582581109829e-02,0.000000000000000000e+00
1.616000000000000103e+00,nan,1.000020633903134053e-02,0.000000000000000000e+00
1.631999999999999895e+00,7.000000000000000000e+01,1.000000287110036981e-02,0.000000000000000000e+00
1.647999999999999909e+00,7.000000000000000000e+01,1.000187304601255281e-02,0.000000000000000000e+00
1.663999999999999924e+00,7.000000000000000000e+01,1.000902549334298577e-02,0.000000000000000000e+00
1.679999999999999938e+00,7.000000000000000000e+01,1.001876450976913954e-02,0.000000000000000000e+00
1.695999999999999952e+00,7.000000000000000000e+01,1.005296754596585705e-02,0.000000000000000000e+00
1.711999999999999966e+00,7.000000000000000000e+01,1.046753361706990494e-02,0.000000000000000000e+00
1.727999999999999980e+00,7.000000000000000000e+01,4.768699308253103453e-02,0.000000000000000000e+00
1.743999999999999995e+00,7.000000000000000000e+01,6.608151270920700759e-02,0.000000000000000000e+00
1.760000000000000009e+00,7.000000000000000000e+01,3.489742801962526092e-02,0.000000000000000000e+00
1.776000000000000023e+00,7.000000000000000000e+01,1.765306086328975732e-01,0.000000000000000000e+00
1.792000000000000037e+00,7.000000000000000000e+01,2.065067991177522710e-01,0.000000000000000000e+00
1.808000000000000052e+00,7.000000000000000000e+01,1.085797707287449593e-01,0.000000000000000000e+00
1.824000000000000066e+00,7.000000000000000000e+01,1.001306884623897470e-02,0.000000000000000000e+00
1.840000000000000080e+00,7.000000000000000000e+01,1.025905055977886261e-02,0.000000000000000000e+00
1.856000000000000094e+00,7.000000000000000000e+01,1.185350539468341298e-02,0.000000000000000000e+00
1.872000000000000108e+00,7.000000000000000000e+01,1.398021038018592947e-02,0.000000000000000000e+00
1.887999999999999901e+00,7.000000000000000000e+01,1.508558729750433987e-02,0.000000000000000000e+00
1.903999999999999915e+00,7.000000000000000000e+01,1.508558729750433987e-02,0.000000000000000000e+00
1.919999999999999929e+00,7.000000000000000000e+01,1.310026255051339496e-02,0.000000000000000000e+00
1.935999999999999943e+00,nan,1.000418854517836145e-02,0.000000000000000000e+00
1.951999999999999957e+00,nan,2.969851850199184753e-02,0.000000000000000000e+00
1.967999999999999972e+00,nan,2.363126491127100492e-01,0.000000000000000000e+00
1.983999999999999986e+00,nan,4.759754042899076998e-01,0.000000000000000000e+00
2.000000000000000000e+00,nan,6.719616756710050653e-01,0.000000000000000000e+00
2.016000000000000014e+00,nan,7.430389977607350094e-01,0.000000000000000000e+00
2.032000000000000028e+00,nan,8.091072524077391748e-01,0.000000000000000000e+00
2.048000000000000043e+00,nan,2.052645342242501170e-01,0.000000000000000000e+00
2.064000000000000057e+00,nan,1.083535163051487643e-01,0.000000000000000000e+00
2.080000000000000071e+00,nan,1.646512824810983031e-02,0.000000000000000000e+00
2.096000000000000085e+00,nan,1.010197450515614576e-02,0.000000000000000000e+00
2.112000000000000099e+00,nan,1.000419105279527071e-02,0.000000000000000000e+00
2.128000000000000114e+00,nan,1.000080278092725476e-02,0.000000000000000000e+00
2.144000000000000128e+00,nan,1.000123296498611931e-02,0.000000000000000000e+00
2.160000000000000142e+00,nan,1.000051671960452450e-02,0.000000000000000000e+00
2.176000000000000156e+00,nan,1.000281582581109829e-02,0.000000000000000000e+00
2.192000000000000171e+00,nan,1.010197459374499035e-02,0.000000000000000000e+00
2.208000000000000185e+00,nan,1.818737573491054776e-02,0.000000000000000000e+00
2.224000000000000199e+00,nan,1.085797707252543209e-01,0.000000000000000000e+00
2.240000000000000213e+00,nan,1.765306085443092698e-01,0.000000000000000000e+00
2.255999999999999783e+00,nan,5.607139508087741198e-02,0.000000000000000000e+00
2.271999999999999797e+00,nan,1.240312479214863983e-02,0.000000000000000000e+00
2.287999999999999812e+00,nan,1.185350539468331584e-02,0.000000000000000000e+00
2.303999999999999826e+00,nan,1.062260904091153271e-02,0.000000000000000000e+00
2.319999999999999840e+00,7.000000000000000000e+01,1.240312479355134764e-02,0.000000000000000000e+00
2.335999999999999854e+00,7.000000000000000000e+01,3.010686179419500355e-02,0.000000000000000000e+00
2.351999999999999869e+00,7.000000000000000000e+01,5.607139544589262448e-02,0.000000000000000000e+00
2.367999999999999883e+00,7.000000000000000000e+01,7.797523762294819583e-02,0.000000000000000000e+00
2.383999999999999897e+00,7.000000000000000000e+01,5.485250542599845458e-01,0.000000000000000000e+00
2.399999999999999911e+00,7.000000000000000000e+01,5.485250542599845458e-01,0.000000000000000000e+00
2.415999999999999925e+00,7.000000000000000000e+01,3.721358982975086493e-01,0.000000000000000000e+00
2.431999999999999940e+00,7.000000000000000000e+01,9.203757081218102987e-02,0.000000000000000000e+00
2.447999999999999954e+00,7.000000000000000000e+01,1.646758759311300196e-02,0.000000000000000000e+00
2.463999999999999968e+00,7.000000000000000000e+01,1.000020633903133879e-02,0.000000000000000000e+00
2.479999999999999982e+00,nan,1.000000928748663066e-02,0.000000000000000000e+00
2.495999999999999996e+00,nan,1.025905055977886261e-02,0.000000000000000000e+00
2.512000000000000011e+00,nan,1.000032860450165983e-02,0.000000000000000000e+00
2.528000000000000025e+00,nan,1.000000521622944859e-02,0.000000000000000000e+00
2.544000000000000039e+00,nan,1.000000928748663066e-02,0.000000000000000000e+00
2.560000000000000053e+00,nan,1.000004700797730087e-02,0.000000000000000000e+00
2.576000000000000068e+00,nan,1.000032860450165983e-02,0.000000000000000000e+00
2.592000000000000082e+00,nan,1.000080278092725476e-02,0.000000000000000000e+00
2.608000000000000096e+00,nan,1.000123296498611931e-02,0.000000000000000000e+00
2.624000000000000110e+00,nan,1.000032860450165983e-02,0.000000000000000000e+00
2.640000000000000124e+00,nan,1.005296754596585705e-02,0.000000000000000000e+00
2.656000000000000139e+00,nan,6.608151270920700759e-02,0.000000000000000000e+00
2.672000000000000153e+00,nan,2.407543944755742571e-01,0.000000000000000000e+00
2.688000000000000167e+00,nan,6.159498854580680582e-01,0.000000000000000000e+00
2.704000000000000181e+00,nan,1.108579188894337313e-02,0.000000000000000000e+00
2.720000000000000195e+00,nan,1.000000000160603496e-02,0.000000000000000000e+00
2.736000000000000210e+00,nan,1.000187304601255107e-02,0.000000000000000000e+00
2.751999999999999780e+00,nan,1.000902549334298577e-02,0.000000000000000000e+00
2.767999999999999794e+00,nan,1.007375176428288409e-02,0.000000000000000000e+00
2.783999999999999808e+00,nan,1.001306884623897470e-02,0.000000000000000000e+00
2.799999999999999822e+00,nan,1.000080278092725476e-02,0.000000000000000000e+00
2.815999999999999837e+00,nan,1.000080278092725476e-02,0.000000000000000000e+00
2.831999999999999851e+00,nan,1.001876450976913954e-02,0.000000000000000000e+00
2.847999999999999865e+00,nan,1.108579188894337313e-02,0.000000000000000000e+00
2.863999999999999879e+00,nan,1.062260904091153271e-02,0.000000000000000000e+00
2.879999999999999893e+00,nan,1.034905513337584446e-02,0.000000000000000000e+00
2.895999999999999908e+00,nan,1.046753361706990494e-02,0.000000000000000000e+00
2.911999999999999922e+00,nan,1.108579188894337313e-02,0.000000000000000000e+00
2.927999999999999936e+00,nan,1.010197459374499035e-02,0.000000000000000000e+00
2.943999999999999950e+00,nan,1.000012784523254122e-02,0.000000000000000000e+00
2.959999999999999964e+00,nan,1.000000928748663066e-02,0.000000000000000000e+00
2.975999999999999979e+00,nan,1.000000521622944859e-02,0.000000000000000000e+00
2.991999999999999993e+00,nan,1.000000928748663066e-02,0.000000000000000000e+00
3.008000000000000007e+00,nan,1.000012784523254122e-02,0.000000000000000000e+00
3.024000000000000021e+00,nan,1.000020633903134053e-02,0.000000000000000000e+00
3.040000000000000036e+00,nan,1.000281582581110003e-02,0.000000000000000000e+00
3.056000000000000050e+00,nan,1.000902549334298577e-02,0.000000000000000000e+00
3.072000000000000064e+00,nan,1.000123296498611931e-02,0.000000000000000000e+00
3.088000000000000078e+00,nan,1.000020633903134053e-02,0.000000000000000000e+00
3.104000000000000092e+00,nan,1.005296754596585705e-02,0.000000000000000000e+00
3.120000000000000107e+00,nan,1.010197459374499035e-02,0.000000000000000000e+00
3.136000000000000121e+00,nan,1.005296754596585705e-02,0.000000000000000000e+00
3.152000000000000135e+00,nan,1.000123296498611931e-02,0.000000000000000000e+00
3.168000000000000149e+00,nan,1.014004604470406835e-02,0.000000000000000000e+00
3.184000000000000163e+00,nan,1.025905055977886261e-02,0.000000000000000000e+00
3.200000000000000178e+00,nan,1.010197459374499035e-02,0.000000000000000000e+00
3.216000000000000192e+00,nan,1.005296754596585705e-02,0.000000000000000000e+00
3.232000000000000206e+00,nan,1.007375176428288409e-02,0.000000000000000000e+00
3.248000000000000220e+00,nan,1.005296754596585705e-02,0.000000000000000000e+00
3.263999999999999790e+00,nan,1.019107549696831108e-02,0.000000000000000000e+00
3.279999999999999805e+00,nan,1.025905055977886261e-02,0.000000000000000000e+00
3.295999999999999819e+00,nan,1.000902549334298751e-02,0.000000000000000000e+00
3.311999999999999833e+00,nan,1.000902549334298577e-02,0.000000000000000000e+00
3.327999999999999847e+00,nan,1.000032860450165810e-02,0.000000000000000000e+00
3.343999999999999861e+00,nan,1.000032860450165983e-02,0.000000000000000000e+00
3.359999999999999876e+00,nan,1.001876450976913954e-02,0.000000000000000000e+00
3.375999999999999890e+00,nan,1.000002785026228407e-02,0.000000000000000000e+00
3.391999999999999904e+00,nan,1.001876450976913781e-02,0.000000000000000000e+00
3.407999999999999918e+00,nan,1.025905055977886088e-02,0.000000000000000000e+00
3.423999999999999932e+00,nan,1.019107549696831282e-02,0.000000000000000000e+00
3.439999999999999947e+00,7.000000000000000000e+01,1.025905055977886088e-02,0.000000000000000000e+00
3.455999999999999961e+00,7.000000000000000000e+01,1.142233425070907429e-02,0.000000000000000000e+00
3.471999999999999975e+00,7.000000000000000000e+01,1.240312479355134938e-02,0.000000000000000000e+00
3.487999999999999989e+00,7.000000000000000000e+01,3.010686179419500008e-02,0.000000000000000000e+00
3.504000000000000004e+00,7.000000000000000000e+01,2.796051653363588185e-01,0.000000000000000000e+00
3.520000000000000018e+00,7.000000000000000000e+01,5.485250542599846568e-01,0.000000000000000000e+00
3.536000000000000032e+00,7.000000000000000000e+01,4.849868077159111834e-01,0.000000000000000000e+00
3.552000000000000046e+00,7.000000000000000000e+01,6.860828109301794209e-01,0.000000000000000000e+00
3.568000000000000060e+00,7.000000000000000000e+01,8.911444948731201965e-01,0.000000000000000000e+00
3.584000000000000075e+00,7.000000000000000000e+01,8.911444948731201965e-01,0.000000000000000000e+00
3.600000000000000089e+00,7.000000000000000000e+01,1.019107549696831108e-02,0.000000000000000000e+00
3.616000000000000103e+00,7.000000000000000000e+01,1.108579188894337313e-02,0.000000000000000000e+00
3.632000000000000117e+00,7.000000000000000000e+01,2.031762855636058684e-02,0.000000000000000000e+00
3.648000000000000131e+00,7.000000000000000000e+01,4.069733156888104969e-02,0.000000000000000000e+00
3.664000000000000146e+00,7.000000000000000000e+01,1.085797707287449593e-01,0.000000000000000000e+00
3.680000000000000160e+00,7.000000000000000000e+01,1.504646013433388607e-01,0.000000000000000000e+00
3.696000000000000174e+00,7.000000000000000000e+01,1.504646013433388052e-01,0.000000000000000000e+00
3.712000000000000188e+00,7.000000000000000000e+01,4.069733156888105663e-02,0.000000000000000000e+00
3.728000000000000203e+00,nan,5.607139544589261060e-02,0.000000000000000000e+00
3.744000000000000217e+00,nan,7.797523762294818195e-02,0.000000000000000000e+00
3.759999999999999787e+00,nan,7.797523762294816807e-02,0.000000000000000000e+00
3.775999999999999801e+00,nan,9.203757081218101599e-02,0.000000000000000000e+00
3.791999999999999815e+00,nan,3.233360583906408903e-01,0.000000000000000000e+00
3.807999999999999829e+00,nan,4.260623290432818400e-01,0.000000000000000000e+00
3.823999999999999844e+00,nan,2.294421912463860333e-02,0.000000000000000000e+00
3.839999999999999858e+00,nan,1.034905513337584272e-02,0.000000000000000000e+00
3.855999999999999872e+00,8.519024595694136792e+01,1.002672467381077008e-02,0.000000000000000000e+00
3.871999999999999886e+00,1.030796940670367974e+02,1.000187304601255107e-02,0.000000000000000000e+00
3.887999999999999901e+00,1.024859987161937767e+02,1.000281582581110003e-02,0.000000000000000000e+00
3.903999999999999915e+00,1.018957227989531020e+02,1.000617855533407832e-02,0.000000000000000000e+00
3.919999999999999929e+00,1.018957227989531020e+02,1.001876450976913954e-02,0.000000000000000000e+00
3.935999999999999943e+00,1.007253506007574089e+02,1.003776550292968806e-02,0.000000000000000000e+00
3.951999999999999957e+00,9.956842127380970453e+01,1.001876450976913954e-02,0.000000000000000000e+00
3.967999999999999972e+00,9.956842127380970453e+01,1.014004604470407009e-02,0.000000000000000000e+00
3.983999999999999986e+00,1.092091316418722897e+02,1.646758759311300543e-02,0.000000000000000000e+00
4.000000000000000000e+00,1.098417737055451084e+02,1.085797707287449870e-01,0.000000000000000000e+00
4.016000000000000014e+00,1.098417737055451084e+02,1.765306086328976010e-01,0.000000000000000000e+00
4.032000000000000028e+00,1.098417737055451084e+02,7.797523762294819583e-02,0.000000000000000000e+00
4.048000000000000043e+00,9.899494936611665707e+01,2.616802860893575541e-02,0.000000000000000000e+00
4.064000000000000057e+00,9.899494936611665707e+01,3.489742801962525398e-02,0.000000000000000000e+00
4.080000000000000071e+00,9.899494936611665707e+01,3.010686179419501396e-02,0.000000000000000000e+00
4.096000000000000085e+00,nan,2.294421912463859639e-02,0.000000000000000000e+00
4.112000000000000099e+00,nan,2.294421912463859986e-02,0.000000000000000000e+00
4.128000000000000114e+00,7.040550587474973554e+01,2.294421912463860333e-02,0.000000000000000000e+00
4.144000000000000128e+00,7.040550587474973554e+01,3.489742801962525398e-02,0.000000000000000000e+00
4.160000000000000142e+00,7.040550587474973554e+01,2.065067991177521878e-01,0.000000000000000000e+00
4.176000000000000156e+00,7.040550587474973554e+01,2.796051653363588740e-01,0.000000000000000000e+00
4.192000000000000171e+00,7.040550587474973554e+01,2.065067991177522155e-01,0.000000000000000000e+00
4.208000000000000185e+00,7.040550587474973554e+01,5.607139544589262448e-02,0.000000000000000000e+00
4.224000000000000199e+00,nan,1.185350539468341298e-02,0.000000000000000000e+00
4.240000000000000213e+00,nan,1.142233425070907429e-02,0.000000000000000000e+00
4.256000000000000227e+00,nan,1.000000287110036634e-02,0.000000000000000000e+00
4.272000000000000242e+00,nan,1.000000002170159039e-02,0.000000000000000000e+00
4.288000000000000256e+00,nan,1.000007810228032389e-02,0.000000000000000000e+00
4.304000000000000270e+00,nan,1.000000154655429629e-02,0.000000000000000000e+00
4.320000000000000284e+00,nan,1.000000010142939634e-02,0.000000000000000000e+00
4.336000000000000298e+00,nan,1.000000000950596740e-02,0.000000000000000000e+00
4.352000000000000313e+00,nan,1.000000000160603496e-02,0.000000000000000000e+00
4.368000000000000327e+00,nan,1.000000000160603496e-02,0.000000000000000000e+00
4.384000000000000341e+00,nan,1.000000081401490604e-02,0.000000000000000000e+00
4.400000000000000355e+00,nan,1.000000928748663066e-02,0.000000000000000000e+00
4.416000000000000369e+00,nan,1.000617855533407832e-02,0.000000000000000000e+00
4.432000000000000384e+00,nan,1.007375176428288235e-02,0.000000000000000000e+00
4.448000000000000398e+00,nan,2.031762855636057991e-02,0.000000000000000000e+00
4.464000000000000412e+00,nan,1.085797707287449870e-01,0.000000000000000000e+00
4.480000000000000426e+00,nan,1.000123296498611931e-02,0.000000000000000000e+00
4.496000000000000441e+00,nan,1.000000020889274185e-02,0.000000000000000000e+00
4.511999999999999567e+00,nan,1.000000041792507670e-02,0.000000000000000000e+00
4.527999999999999581e+00,nan,1.000000081401490430e-02,0.000000000000000000e+00
4.543999999999999595e+00,nan,1.000000154515152430e-02,0.000000000000000000e+00
4.559999999999999609e+00,nan,1.000000282941626399e-02,0.000000000000000000e+00
4.575999999999999623e+00,nan,1.000000145794841845e-02,0.000000000000000000e+00
4.591999999999999638e+00,nan,1.000000278248335157e-02,0.000000000000000000e+00
4.607999999999999652e+00,nan,1.000032397519238191e-02,0.000000000000000000e+00
4.623999999999999666e+00,nan,1.007363871559805585e-02,0.000000000000000000e+00
4.639999999999999680e+00,nan,1.646757341857465681e-02,0.000000000000000000e+00
4.655999999999999694e+00,nan,7.797523627218867770e-02,0.000000000000000000e+00
4.671999999999999709e+00,nan,1.085797706401566837e-01,0.000000000000000000e+00
4.687999999999999723e+00,nan,7.797523753435987859e-02,0.000000000000000000e+00
4.703999999999999737e+00,nan,1.818737569322832759e-02,0.000000000000000000e+00
4.719999999999999751e+00,nan,1.003776549943903931e-02,0.000000000000000000e+00
4.735999999999999766e+00,nan,1.002672467240806053e-02,0.000000000000000000e+00
4.751999999999999780e+00,nan,1.000123296444997527e-02,0.000000000000000000e+00
4.767999999999999794e+00,nan,1.000007810228032389e-02,0.000000000000000000e+00
4.783999999999999808e+00,nan,1.000001622642283407e-02,0.000000000000000000e+00
4.799999999999999822e+00,nan,1.000002785026228580e-02,0.000000000000000000e+00
4.815999999999999837e+00,nan,1.000020633903134226e-02,0.000000000000000000e+00
4.831999999999999851e+00,nan,1.000617855533407832e-02,0.000000000000000000e+00
4.847999999999999865e+00,nan,1.000281582581110003e-02,0.000000000000000000e+00
4.863999999999999879e+00,nan,1.000185887147734924e-02,0.000000000000000000e+00
4.879999999999999893e+00,nan,1.001278118300633242e-02,0.000000000000000000e+00
4.895999999999999908e+00,nan,1.001003189719587919e-02,0.000000000000000000e+00
4.911999999999999922e+00,nan,1.233832951766858970e-05,0.000000000000000000e+00
4.927999999999999936e+00,nan,1.020771608064655750e-02,0.000000000000000000e+00
4.943999999999999950e+00,nan,1.119589599627553514e-02,0.000000000000000000e+00
4.959999999999999964e+00,nan,1.185350539468341471e-02,0.000000000000000000e+00
4.975999999999999979e+00,nan,1.398021038018592947e-02,0.000000000000000000e+00
4.991999999999999993e+00,nan,2.031762855636057991e-02,0.000000000000000000e+00
5.008000000000000007e+00,nan,3.489742801962526092e-02,0.000000000000000000e+00
5.024000000000000021e+00,nan,4.069733156888105663e-02,0.000000000000000000e+00
5.040000000000000036e+00,nan,3.010686179419501396e-02,0.000000000000000000e+00
5.056000000000000050e+00,nan,3.489742801962526786e-02,0.000000000000000000e+00
5.072000000000000064e+00,nan,3.489742801962525398e-02,0.000000000000000000e+00
5.088000000000000078e+00,nan,1.504646013433388052e-01,0.000000000000000000e+00
5.104000000000000092e+00,nan,3.721358982975088159e-01,0.000000000000000000e+00
5.120000000000000107e+00,nan,5.485250542599844348e-01,0.000000000000000000e+00
5.136000000000000121e+00,nan,5.485250542599844348e-01,0.000000000000000000e+00
5.152000000000000135e+00,nan,1.085797707287449454e-01,0.000000000000000000e+00
5.168000000000000149e+00,nan,1.240312479355134764e-02,0.000000000000000000e+00
5.184000000000000163e+00,nan,1.014004604470406835e-02,0.000000000000000000e+00
5.200000000000000178e+00,nan,1.000617855533407832e-02,0.000000000000000000e+00
5.216000000000000192e+00,nan,1.000080278092725476e-02,0.000000000000000000e+00
5.232000000000000206e+00,nan,1.000032860450165983e-02,0.000000000000000000e+00
5.248000000000000220e+00,nan,1.000004700797730087e-02,0.000000000000000000e+00
5.264000000000000234e+00,nan,1.000000928748663066e-02,0.000000000000000000e+00
5.280000000000000249e+00,nan,1.000012784523254122e-02,0.000000000000000000e+00
5.296000000000000263e+00,nan,1.000187304601255107e-02,0.000000000000000000e+00
5.312000000000000277e+00,nan,1.000187304601255107e-02,0.000000000000000000e+00
5.328000000000000291e+00,nan,1.001306884623897470e-02,0.000000000000000000e+00
5.344000000000000306e+00,nan,1.108579188894337486e-02,0.000000000000000000e+00
5.360000000000000320e+00,nan,1.142233425070907429e-02,0.000000000000000000e+00
5.376000000000000334e+00,nan,1.508558729750433813e-02,0.000000000000000000e+00
5.392000000000000348e+00,nan,1.108579188894337486e-02,0.000000000000000000e+00
5.408000000000000362e+00,nan,1.082446372823416686e-02,0.000000000000000000e+00
5.424000000000000377e+00,nan,1.003776550292968979e-02,0.000000000000000000e+00
5.440000000000000391e+00,nan,1.000123296498611931e-02,0.000000000000000000e+00
5.456000000000000405e+00,nan,1.000012784523254122e-02,0.000000000000000000e+00
5.472000000000000419e+00,nan,1.000012748021513083e-02,0.000000000000000000e+00
5.488000000000000433e+00,nan,1.000004691938532336e-02,0.000000000000000000e+00
5.503999999999999559e+00,nan,1.000002784677162145e-02,0.000000000000000000e+00
5.519999999999999574e+00,nan,1.000012780354695915e-02,0.000000000000000000e+00
5.535999999999999588e+00,nan,1.000123296149547404e-02,0.000000000000000000e+00
5.551999999999999602e+00,nan,1.000187304599172052e-02,0.000000000000000000e+00
5.567999999999999616e+00,nan,1.000051671960452450e-02,0.000000000000000000e+00
5.583999999999999631e+00,nan,1.000020633903134053e-02,0.000000000000000000e+00
5.599999999999999645e+00,nan,1.000001622642283407e-02,0.000000000000000000e+00
5.615999999999999659e+00,nan,1.000000521622944685e-02,0.000000000000000000e+00
5.631999999999999673e+00,nan,1.000004700797729913e-02,0.000000000000000000e+00
5.647999999999999687e+00,nan,1.000000521622944859e-02,0.000000000000000000e+00
5.663999999999999702e+00,nan,1.000000928748663066e-02,0.000000000000000000e+00
5.679999999999999716e+00,nan,1.000000928748663066e-02,0.000000000000000000e+00
5.695999999999999730e+00,nan,1.000007810228032389e-02,0.000000000000000000e+00
5.711999999999999744e+00,nan,1.000032860450165983e-02,0.000000000000000000e+00
5.727999999999999758e+00,nan,1.000012784523254122e-02,0.000000000000000000e+00
5.743999999999999773e+00,nan,1.000012784523253949e-02,0.000000000000000000e+00
5.759999999999999787e+00,nan,1.001876450976913954e-02,0.000000000000000000e+00
5.775999999999999801e+00,nan,1.007375176428288409e-02,0.000000000000000000e+00
5.791999999999999815e+00,nan,1.010197459374498861e-02,0.000000000000000000e+00
5.807999999999999829e+00,nan,1.014004604470406835e-02,0.000000000000000000e+00
5.823999999999999844e+00,nan,1.000281582581110003e-02,0.000000000000000000e+00
5.839999999999999858e+00,nan,1.000012784523254122e-02,0.000000000000000000e+00
5.855999999999999872e+00,nan,1.000000521622944685e-02,0.000000000000000000e+00
5.871999999999999886e+00,nan,1.000000928748663066e-02,0.000000000000000000e+00
5.887999999999999901e+00,nan,1.000000521622944685e-02,0.000000000000000000e+00
5.903999999999999915e+00,nan,1.000000521622944685e-02,0.000000000000000000e+00
5.919999999999999929e+00,nan,1.000020633903134053e-02,0.000000000000000000e+00
5.935999999999999943e+00,nan,1.000187304601255281e-02,0.000000000000000000e+00
5.951999999999999957e+00,nan,1.000000287110036808e-02,0.000000000000000000e+00
5.967999999999999972e+00,nan,1.000032860450165983e-02,0.000000000000000000e+00
5.983999999999999986e+00,nan,1.000281582581110003e-02,0.000000000000000000e+00
6.000000000000000000e+00,nan,1.000187304601255107e-02,0.000000000000000000e+00
6.016000000000000014e+00,nan,1.000123296498611931e-02,0.000000000000000000e+00
6.032000000000000028e+00,nan,1.000000000950596740e-02,0.000000000000000000e+00
6.048000000000000043e+00,nan,1.000000000399662269e-02,0.000000000000000000e+00
6.064000000000000057e+00,nan,1.000004700797730087e-02,0.000000000000000000e+00
6.080000000000000071e+00,nan,1.000020633903134053e-02,0.000000000000000000e+00
6.096000000000000085e+00,nan,1.000000287110036634e-02,0.000000000000000000e+00
6.112000000000000099e+00,nan,1.000000020889274532e-02,0.000000000000000000e+00
6.128000000000000114e+00,nan,1.000000002170159039e-02,0.000000000000000000e+00
6.144000000000000128e+00,nan,1.000000002170159039e-02,0.000000000000000000e+00
6.160000000000000142e+00,nan,1.000000002170159212e-02,0.000000000000000000e+00
6.176000000000000156e+00,nan,1.000000010142939461e-02,0.000000000000000000e+00
6.192000000000000171e+00,nan,1.000000928748663066e-02,0.000000000000000000e+00
6.208000000000000185e+00,nan,1.000902549334298751e-02,0.000000000000000000e+00
6.224000000000000199e+00,nan,1.398021038018592600e-02,0.000000000000000000e+00
6.240000000000000213e+00,nan,6.608151270920700759e-02,0.000000000000000000e+00
6.256000000000000227e+00,nan,1.019107549696831108e-02,0.000000000000000000e+00
6.272000000000000242e+00,nan,1.000000010142939634e-02,0.000000000000000000e+00
6.288000000000000256e+00,nan,1.000000002170159212e-02,0.000000000000000000e+00
6.304000000000000270e+00,nan,1.000000081401481063e-02,0.000000000000000000e+00
6.320000000000000284e+00,nan,1.000000081401452266e-02,0.000000000000000000e+00
6.336000000000000298e+00,nan,1.000000020889264818e-02,0.000000000000000000e+00
6.352000000000000313e+00,nan,1.000000041792498129e-02,0.000000000000000000e+00
6.368000000000000327e+00,nan,1.000000041792498129e-02,0.000000000000000000e+00
6.384000000000000341e+00,nan,1.000000927918378094e-02,0.000000000000000000e+00
6.400000000000000355e+00,nan,1.000007739120266533e-02,0.000000000000000000e+00
6.416000000000000369e+00,nan,1.000000154653346400e-02,0.000000000000000000e+00
6.432000000000000384e+00,nan,1.000000154655429629e-02,0.000000000000000000e+00
6.448000000000000398e+00,nan,1.000000000399661922e-02,0.000000000000000000e+00
6.464000000000000412e+00,nan,1.000000928748662719e-02,0.000000000000000000e+00
6.480000000000000426e+00,nan,1.000000000160603496e-02,0.000000000000000000e+00
6.496000000000000441e+00,nan,1.000032860450165983e-02,0.000000000000000000e+00
6.511999999999999567e+00,nan,1.000012784523254122e-02,0.000000000000000000e+00
6.527999999999999581e+00,nan,1.000032860450165983e-02,0.000000000000000000e+00
6.543999999999999595e+00,nan,1.000001622642283580e-02,0.000000000000000000e+00
6.559999999999999609e+00,nan,1.000002785026228580e-02,0.000000000000000000e+00
6.575999999999999623e+00,nan,1.000004700797730087e-02,0.000000000000000000e+00
6.591999999999999638e+00,nan,1.000012784523254122e-02,0.000000000000000000e+00
6.607999999999999652e+00,nan,1.000281582581109829e-02,0.000000000000000000e+00
6.623999999999999666e+00,nan,1.000281582581110003e-02,0.000000000000000000e+00
6.639999999999999680e+00,nan,1.000123296498611758e-02,0.000000000000000000e+00
6.655999999999999694e+00,nan,1.108579188894337139e-02,0.000000000000000000e+00
6.671999999999999709e+00,nan,7.797523762294818195e-02,0.000000000000000000e+00
6.687999999999999723e+00,nan,1.279370863012903314e-01,0.000000000000000000e+00
6.703999999999999737e+00,nan,1.000617855533407832e-02,0.000000000000000000e+00
6.719999999999999751e+00,nan,1.000281582581109829e-02,0.000000000000000000e+00
6.735999999999999766e+00,nan,1.002672467381077008e-02,0.000000000000000000e+00
6.751999999999999780e+00,nan,1.005296754596585705e-02,0.000000000000000000e+00
6.767999999999999794e+00,nan,1.034905513337584446e-02,0.000000000000000000e+00
6.783999999999999808e+00,nan,1.108579188894337139e-02,0.000000000000000000e+00
6.799999999999999822e+00,nan,1.108579188894337313e-02,0.000000000000000000e+00
6.815999999999999837e+00,nan,1.046753361706990494e-02,0.000000000000000000e+00
6.831999999999999851e+00,nan,1.019107549696831108e-02,0.000000000000000000e+00
6.847999999999999865e+00,nan,1.019107549696831108e-02,0.000000000000000000e+00
6.863999999999999879e+00,nan,1.005296754596585705e-02,0.000000000000000000e+00
6.879999999999999893e+00,nan,1.003776550292968806e-02,0.000000000000000000e+00
6.895999999999999908e+00,nan,1.019107549696831108e-02,0.000000000000000000e+00
6.911999999999999922e+00,nan,1.002672467381077182e-02,0.000000000000000000e+00
6.927999999999999936e+00,nan,1.000000000399662095e-02,0.000000000000000000e+00
6.943999999999999950e+00,nan,1.000000287110036634e-02,0.000000000000000000e+00
6.959999999999999964e+00,nan,1.000000928748663066e-02,0.000000000000000000e+00
6.975999999999999979e+00,7.000000000000000000e+01,1.000007810228032389e-02,0.000000000000000000e+00
6.991999999999999993e+00,7.000000000000000000e+01,1.000080278092725303e-02,0.000000000000000000e+00
7.008000000000000007e+00,7.000000000000000000e+01,1.000281582581110003e-02,0.000000000000000000e+00
7.024000000000000021e+00,7.000000000000000000e+01,1.000902549334298577e-02,0.000000000000000000e+00
7.040000000000000036e+00,7.000000000000000000e+01,1.003776550292968806e-02,0.000000000000000000e+00
7.056000000000000050e+00,7.000000000000000000e+01,1.062260904091153445e-02,0.000000000000000000e+00
7.072000000000000064e+00,7.000000000000000000e+01,1.010197459374498861e-02,0.000000000000000000e+00
7.088000000000000078e+00,7.000000000000000000e+01,1.002672467381077182e-02,0.000000000000000000e+00
7.104000000000000092e+00,nan,1.002672467381077008e-02,0.000000000000000000e+00
7.120000000000000107e+00,nan,1.000902549334298577e-02,0.000000000000000000e+00
7.136000000000000121e+00,nan,1.000123296498611931e-02,0.000000000000000000e+00
7.152000000000000135e+00,nan,1.000012784523254122e-02,0.000000000000000000e+00
7.168000000000000149e+00,nan,1.000032860450165810e-02,0.000000000000000000e+00
7.184000000000000163e+00,nan,1.000032860450165810e-02,0.000000000000000000e+00
7.200000000000000178e+00,nan,1.000051671960452450e-02,0.000000000000000000e+00
7.216000000000000192e+00,nan,1.000020633903133879e-02,0.000000000000000000e+00
7.232000000000000206e+00,nan,1.000020633903134053e-02,0.000000000000000000e+00
7.248000000000000220e+00,nan,1.000004700797730260e-02,0.000000000000000000e+00
7.264000000000000234e+00,nan,1.000000154655429629e-02,0.000000000000000000e+00
7.280000000000000249e+00,nan,1.000004700797730087e-02,0.000000000000000000e+00
7.296000000000000263e+00,nan,1.000000000950596740e-02,0.000000000000000000e+00
7.312000000000000277e+00,nan,1.000000000399662269e-02,0.000000000000000000e+00
7.328000000000000291e+00,nan,1.000000000399662269e-02,0.000000000000000000e+00
7.344000000000000306e+00,nan,1.000000000399662269e-02,0.000000000000000000e+00
7.360000000000000320e+00,nan,1.000000000007539996e-02,0.000000000000000000e+00
7.376000000000000334e+00,nan,1.000000000399662269e-02,0.000000000000000000e+00
7.392000000000000348e+00,nan,1.000004700797729913e-02,0.000000000000000000e+00
7.408000000000000362e+00,nan,1.000002785026228580e-02,0.000000000000000000e+00
7.424000000000000377e+00,nan,1.000001622642283754e-02,0.000000000000000000e+00
7.440000000000000391e+00,nan,1.000001622642283580e-02,0.000000000000000000e+00
7.456000000000000405e+00,nan,1.000001622642283754e-02,0.000000000000000000e+00
7.472000000000000419e+00,nan,1.000032860450165983e-02,0.000000000000000000e+00
7.488000000000000433e+00,nan,1.000080278092725303e-02,0.000000000000000000e+00
7.503999999999999559e+00,nan,1.000020633903134053e-02,0.000000000000000000e+00
7.519999999999999574e+00,nan,1.000000020889274359e-02,0.000000000000000000e+00
7.535999999999999588e+00,nan,1.000000000007539823e-02,0.000000000000000000e+00
7.551999999999999602e+00,nan,1.000000000022191297e-02,0.000000000000000000e+00
7.567999999999999616e+00,nan,1.000000000022191297e-02,0.000000000000000000e+00
7.583999999999999631e+00,nan,1.000000000061385987e-02,0.000000000000000000e+00
7.599999999999999645e+00,nan,1.000000041792507496e-02,0.000000000000000000e+00
7.615999999999999659e+00,nan,1.000001622642283580e-02,0.000000000000000000e+00
7.631999999999999673e+00,nan,1.000000521622945032e-02,0.000000000000000000e+00
7.647999999999999687e+00,nan,1.000000287110036808e-02,0.000000000000000000e+00
7.663999999999999702e+00,nan,1.000000521622944859e-02,0.000000000000000000e+00
7.679999999999999716e+00,nan,1.000000287110036808e-02,0.000000000000000000e+00
7.695999999999999730e+00,nan,1.000000081401490604e-02,0.000000000000000000e+00
7.711999999999999744e+00,nan,1.000000000399662095e-02,0.000000000000000000e+00
7.727999999999999758e+00,nan,1.000000081401490430e-02,0.000000000000000000e+00
7.743999999999999773e+00,nan,1.000000000399662269e-02,0.000000000000000000e+00
7.759999999999999787e+00,nan,1.000000000160603322e-02,0.000000000000000000e+00
7.775999999999999801e+00,nan,1.000000000061385987e-02,0.000000000000000000e+00
7.791999999999999815e+00,nan,1.000000000061385813e-02,0.000000000000000000e+00
7.807999999999999829e+00,nan,1.000000000399662269e-02,0.000000000000000000e+00
7.823999999999999844e+00,9.956842127380970453e+01,1.000002785026228580e-02,0.000000000000000000e+00
7.839999999999999858e+00,9.956842127380970453e+01,1.019107549696830935e-02,0.000000000000000000e+00
7.855999999999999872e+00,9.956842127380970453e+01,2.031762855636058338e-02,0.000000000000000000e+00
7.871999999999999886e+00,9.899494936611665707e+01,3.489742801962525398e-02,0.000000000000000000e+00
7.887999999999999901e+00,9.899494936611665707e+01,6.608151270920700759e-02,0.000000000000000000e+00
7.903999999999999915e+00,9.899494936611665707e+01,9.203757081218101599e-02,0.000000000000000000e+00
7.919999999999999929e+00,9.899494936611665707e+01,1.279370863012903314e-01,0.000000000000000000e+00
7.935999999999999943e+00,9.899494936611665707e+01,3.721358982975087049e-01,0.000000000000000000e+00
7.951999999999999957e+00,9.785789539253136127e+01,5.485250542599845458e-01,0.000000000000000000e+00
7.967999999999999972e+00,9.673390159774432107e+01,7.571601330199093649e-01,0.000000000000000000e+00
7.983999999999999986e+00,9.673390159774432107e+01,8.266685594724996200e-01,1.000000000000000000e+00
8.000000000000000000e+00,9.673390159774432107e+01,8.911444948731203075e-01,1.000000000000000000e+00
8.016000000000000014e+00,9.617675532206624212e+01,8.911444948731204185e-01,1.000000000000000000e+00
8.032000000000000028e+00,9.673390159774432107e+01,2.407543944755742849e-01,0.000000000000000000e+00
8.048000000000000043e+00,9.290062196369976277e+01,1.508558729750433813e-02,0.000000000000000000e+00
8.064000000000000057e+00,9.077876882557067972e+01,1.398021038018592774e-02,0.000000000000000000e+00
8.080000000000000071e+00,8.921924391234836094e+01,1.818737573491218187e-02,0.000000000000000000e+00
8.096000000000000085e+00,8.870537888009435790e+01,3.489742801962526092e-02,0.000000000000000000e+00
8.112000000000000099e+00,8.870537888009435790e+01,5.607139544589262448e-02,0.000000000000000000e+00
8.128000000000000114e+00,8.819447349264112290e+01,6.608151270920700759e-02,0.000000000000000000e+00
8.144000000000000128e+00,8.819447349264112290e+01,1.279370863012903314e-01,0.000000000000000000e+00
8.160000000000000142e+00,8.819447349264112290e+01,6.159498854580681693e-01,0.000000000000000000e+00
8.176000000000000156e+00,8.768651070368895262e+01,7.571601330199094759e-01,0.000000000000000000e+00
8.192000000000000171e+00,8.768651070368895262e+01,7.571601330199093649e-01,0.000000000000000000e+00
8.208000000000000185e+00,8.768651070368895262e+01,6.860828109301791988e-01,0.000000000000000000e+00
8.224000000000000199e+00,8.768651070368895262e+01,6.860828109301793098e-01,0.000000000000000000e+00
8.240000000000000213e+00,8.768651070368895262e+01,6.159498854580680582e-01,0.000000000000000000e+00
8.256000000000000227e+00,8.718147356511761359e+01,7.797523762294818195e-02,0.000000000000000000e+00
8.272000000000000242e+00,8.768651070368895262e+01,1.508558729750433813e-02,0.000000000000000000e+00
8.288000000000000256e+00,8.568374803132587658e+01,1.142233425070907429e-02,0.000000000000000000e+00
8.304000000000000270e+00,8.421175252574816739e+01,1.185350539468341124e-02,0.000000000000000000e+00
8.320000000000000284e+00,8.372672852161826995e+01,1.508558729750433813e-02,0.000000000000000000e+00
8.336000000000000298e+00,8.324449805019047233e+01,2.294421912463859986e-02,0.000000000000000000e+00
8.352000000000000313e+00,8.324449805019047233e+01,2.616802860893575888e-02,0.000000000000000000e+00
8.368000000000000327e+00,8.324449805019047233e+01,3.489742801962526092e-02,0.000000000000000000e+00
8.384000000000000341e+00,8.324449805019047233e+01,2.065067991177522433e-01,0.000000000000000000e+00
8.400000000000000355e+00,8.276504502190036305e+01,4.849868077159112945e-01,0.000000000000000000e+00
8.416000000000000369e+00,8.228835343985261375e+01,5.485250542599845458e-01,0.000000000000000000e+00
8.432000000000000384e+00,8.276504502190036305e+01,4.260623290432817845e-01,0.000000000000000000e+00
8.448000000000000398e+00,8.276504502190036305e+01,3.721358982975087049e-01,0.000000000000000000e+00
8.464000000000000412e+00,8.276504502190036305e+01,4.849868077159112945e-01,0.000000000000000000e+00
8.480000000000000426e+00,8.276504502190036305e+01,1.240312479355134764e-02,0.000000000000000000e+00
8.496000000000000441e+00,8.819447349264112290e+01,1.000012784523254122e-02,0.000000000000000000e+00
8.512000000000000455e+00,7.331058859744386780e+01,1.014004604470406835e-02,0.000000000000000000e+00
8.528000000000000469e+00,7.331058859744386780e+01,1.508558729750433987e-02,0.000000000000000000e+00
8.544000000000000483e+00,7.331058859744386780e+01,3.489742801962525398e-02,0.000000000000000000e+00
8.560000000000000497e+00,7.331058859744386780e+01,6.608151270920699372e-02,0.000000000000000000e+00
8.576000000000000512e+00,7.331058859744386780e+01,1.279370863012903592e-01,0.000000000000000000e+00
8.592000000000000526e+00,7.331058859744386780e+01,3.233360583906407792e-01,0.000000000000000000e+00
8.608000000000000540e+00,7.331058859744386780e+01,5.485250542599845458e-01,0.000000000000000000e+00
8.624000000000000554e+00,7.331058859744386780e+01,5.485250542599846568e-01,0.000000000000000000e+00
8.640000000000000568e+00,7.373527251683850636e+01,6.159498854580681693e-01,0.000000000000000000e+00
8.656000000000000583e+00,7.373527251683850636e+01,5.485250542599846568e-01,0.000000000000000000e+00
8.672000000000000597e+00,7.373527251683850636e+01,5.485250542599846568e-01,0.000000000000000000e+00
8.688000000000000611e+00,7.373527251683850636e+01,3.721358982975086493e-01,0.000000000000000000e+00
8.704000000000000625e+00,7.373527251683850636e+01,4.069733156888105663e-02,0.000000000000000000e+00
8.720000000000000639e+00,7.331058859744386780e+01,1.001306884623897470e-02,0.000000000000000000e+00
8.736000000000000654e+00,7.416241660515066769e+01,1.000281582581110003e-02,0.000000000000000000e+00
8.752000000000000668e+00,7.416241660515066769e+01,1.000617855533407832e-02,0.000000000000000000e+00
8.768000000000000682e+00,7.459203511399388731e+01,1.000617855533407832e-02,0.000000000000000000e+00
8.784000000000000696e+00,7.459203511399388731e+01,1.000281582581110003e-02,0.000000000000000000e+00
8.800000000000000711e+00,7.459203511399388731e+01,1.000080278092725476e-02,0.000000000000000000e+00
8.816000000000000725e+00,7.459203511399388731e+01,1.000032860450165810e-02,0.000000000000000000e+00
8.832000000000000739e+00,7.459203511399388731e+01,1.000617855533407659e-02,0.000000000000000000e+00
8.848000000000000753e+00,7.459203511399388731e+01,1.010197459374498861e-02,0.000000000000000000e+00
8.864000000000000767e+00,7.459203511399388731e+01,1.000617855533407832e-02,0.000000000000000000e+00
8.880000000000000782e+00,7.373527251683850636e+01,1.000281582581110003e-02,0.000000000000000000e+00
8.896000000000000796e+00,nan,1.046753361706990494e-02,0.000000000000000000e+00
8.912000000000000810e+00,nan,1.001306884623897470e-02,0.000000000000000000e+00
8.928000000000000824e+00,nan,1.000000081401490604e-02,0.000000000000000000e+00
8.944000000000000838e+00,1.313813195339600384e+02,1.007375176428288409e-02,0.000000000000000000e+00
8.960000000000000853e+00,1.313813195339600384e+02,1.398021038018592947e-02,0.000000000000000000e+00
8.976000000000000867e+00,1.313813195339600384e+02,3.489742801962526092e-02,0.000000000000000000e+00
8.992000000000000881e+00,1.313813195339600384e+02,9.203757081218101599e-02,0.000000000000000000e+00
9.007999999999999119e+00,1.313813195339600384e+02,1.504646013433388052e-01,0.000000000000000000e+00
9.023999999999999133e+00,1.313813195339600384e+02,2.407543944755743404e-01,0.000000000000000000e+00
9.039999999999999147e+00,1.313813195339600384e+02,5.485250542599845458e-01,0.000000000000000000e+00
9.055999999999999162e+00,1.313813195339600384e+02,4.849868077159114610e-01,0.000000000000000000e+00
9.071999999999999176e+00,1.321424037754370886e+02,3.721358982975087049e-01,0.000000000000000000e+00
9.087999999999999190e+00,1.321424037754370886e+02,2.407543944755743126e-01,0.000000000000000000e+00
9.103999999999999204e+00,1.321424037754370886e+02,5.607139544589262448e-02,0.000000000000000000e+00
9.119999999999999218e+00,1.344522123071405986e+02,1.000012784523253775e-02,0.000000000000000000e+00
9.135999999999999233e+00,nan,1.000000020889274359e-02,0.000000000000000000e+00
9.151999999999999247e+00,nan,1.000051671960452450e-02,0.000000000000000000e+00
9.167999999999999261e+00,1.001452152704680998e+02,1.000007810228032389e-02,0.000000000000000000e+00
9.183999999999999275e+00,1.001452152704680998e+02,1.000007810228032215e-02,0.000000000000000000e+00
9.199999999999999289e+00,1.001452152704680998e+02,1.000007810228032389e-02,0.000000000000000000e+00
9.215999999999999304e+00,9.956842127380970453e+01,1.000012784523254122e-02,0.000000000000000000e+00
9.231999999999999318e+00,9.956842127380970453e+01,1.000007810228032389e-02,0.000000000000000000e+00
9.247999999999999332e+00,9.956842127380970453e+01,1.000007810228032389e-02,0.000000000000000000e+00
9.263999999999999346e+00,9.956842127380970453e+01,1.000020633903134053e-02,0.000000000000000000e+00
9.279999999999999361e+00,9.785789539253136127e+01,1.000004700797730087e-02,0.000000000000000000e+00
9.295999999999999375e+00,9.842478041356446283e+01,1.000002785026228580e-02,0.000000000000000000e+00
9.311999999999999389e+00,9.842478041356446283e+01,1.000002785026228580e-02,0.000000000000000000e+00
9.327999999999999403e+00,9.899494936611665707e+01,1.000000928748663240e-02,0.000000000000000000e+00
9.343999999999999417e+00,1.030796940670367974e+02,1.000002785026228580e-02,0.000000000000000000e+00
9.359999999999999432e+00,9.785789539253136127e+01,1.000012784523254122e-02,0.000000000000000000e+00
9.375999999999999446e+00,9.842478041356446283e+01,1.000419105279527071e-02,0.000000000000000000e+00
9.391999999999999460e+00,9.842478041356446283e+01,1.007375176428288409e-02,0.000000000000000000e+00
9.407999999999999474e+00,9.842478041356446283e+01,1.014004604470406835e-02,0.000000000000000000e+00
9.423999999999999488e+00,9.842478041356446283e+01,1.046753361706990494e-02,0.000000000000000000e+00
9.439999999999999503e+00,9.842478041356446283e+01,1.046753361706990494e-02,0.000000000000000000e+00
9.455999999999999517e+00,9.785789539253136127e+01,1.082446372823416686e-02,0.000000000000000000e+00
9.471999999999999531e+00,9.842478041356446283e+01,1.046753361706990494e-02,0.000000000000000000e+00
9.487999999999999545e+00,9.842478041356446283e+01,1.014004604470406835e-02,0.000000000000000000e+00
9.503999999999999559e+00,9.785789539253136127e+01,1.000419105279527071e-02,0.000000000000000000e+00
9.519999999999999574e+00,nan,1.000012784523253949e-02,0.000000000000000000e+00
9.535999999999999588e+00,nan,1.000617855533407659e-02,0.000000000000000000e+00
9.551999999999999602e+00,nan,1.000051671960452450e-02,0.000000000000000000e+00
9.567999999999999616e+00,nan,1.000080278092725476e-02,0.000000000000000000e+00
9.583999999999999631e+00,nan,1.010197459374499035e-02,0.000000000000000000e+00
9.599999999999999645e+00,nan,1.000617855533407832e-02,0.000000000000000000e+00
9.615999999999999659e+00,nan,1.003776550292968632e-02,0.000000000000000000e+00
9.631999999999999673e+00,7.000000000000000000e+01,1.014004604470406835e-02,0.000000000000000000e+00
9.647999999999999687e+00,7.000000000000000000e+01,1.185350539468341298e-02,0.000000000000000000e+00
9.663999999999999702e+00,7.000000000000000000e+01,1.508558729750433813e-02,0.000000000000000000e+00
9.679999999999999716e+00,7.000000000000000000e+01,2.031762855636058338e-02,0.000000000000000000e+00
9.695999999999999730e+00,7.000000000000000000e+01,6.608151270920700759e-02,0.000000000000000000e+00
9.711999999999999744e+00,7.000000000000000000e+01,3.233360583906406682e-01,0.000000000000000000e+00
9.727999999999999758e+00,7.000000000000000000e+01,6.159498854580680582e-01,0.000000000000000000e+00
9.743999999999999773e+00,7.000000000000000000e+01,6.159498854580680582e-01,0.000000000000000000e+00
9.759999999999999787e+00,7.000000000000000000e+01,6.860828109301791988e-01,0.000000000000000000e+00
9.775999999999999801e+00,7.000000000000000000e+01,6.860828109301793098e-01,0.000000000000000000e+00
9.791999999999999815e+00,7.000000000000000000e+01,2.796051653363588740e-01,0.000000000000000000e+00
9.807999999999999829e+00,7.000000000000000000e+01,1.508558729750433813e-02,0.000000000000000000e+00
9.823999999999999844e+00,7.000000000000000000e+01,1.185350539468341298e-02,0.000000000000000000e+00
9.839999999999999858e+00,7.000000000000000000e+01,1.005296754596585705e-02,0.000000000000000000e+00
9.855999999999999872e+00,7.000000000000000000e+01,1.000004700797730087e-02,0.000000000000000000e+00
9.871999999999999886e+00,7.000000000000000000e+01,1.000000081401490604e-02,0.000000000000000000e+00
9.887999999999999901e+00,7.000000000000000000e+01,1.000000004772602299e-02,0.000000000000000000e+00
9.903999999999999915e+00,7.000000000000000000e+01,1.000000000950596740e-02,0.000000000000000000e+00
9.919999999999999929e+00,nan,1.000000020889274359e-02,0.000000000000000000e+00
9.935999999999999943e+00,nan,1.000123296498611931e-02,0.000000000000000000e+00
9.951999999999999957e+00,nan,1.108579188894337313e-02,0.000000000000000000e+00
9.967999999999999972e+00,nan,1.310026255051339669e-02,0.000000000000000000e+00
9.983999999999999986e+00,nan,1.014004604470406835e-02,0.000000000000000000e+00
1.000000000000000000e+01,nan,1.062260904091153271e-02,0.000000000000000000e+00
1.001600000000000001e+01,nan,1.000000000950596740e-02,0.000000000000000000e+00
1.003200000000000003e+01,nan,1.001306884623897470e-02,0.000000000000000000e+00
1.004800000000000004e+01,nan,1.000419105279527071e-02,0.000000000000000000e+00
1.006400000000000006e+01,nan,1.001306884623897470e-02,0.000000000000000000e+00
1.008000000000000007e+01,nan,1.005296754596585532e-02,0.000000000000000000e+00
1.009600000000000009e+01,nan,1.007375176428288409e-02,0.000000000000000000e+00
1.011200000000000010e+01,nan,1.007375176428288409e-02,0.000000000000000000e+00
1.012800000000000011e+01,nan,1.014004604470407182e-02,0.000000000000000000e+00
1.014400000000000013e+01,nan,1.046753361706990494e-02,0.000000000000000000e+00
1.016000000000000014e+01,nan,1.108579188894337486e-02,0.000000000000000000e+00
1.017600000000000016e+01,nan,1.062260904091153271e-02,0.000000000000000000e+00
1.019200000000000017e+01,nan,1.019107549696831108e-02,0.000000000000000000e+00
1.020800000000000018e+01,nan,1.002672467381077008e-02,0.000000000000000000e+00
1.022400000000000020e+01,nan,1.005296754596585705e-02,0.000000000000000000e+00
1.024000000000000021e+01,nan,1.007375176428288409e-02,0.000000000000000000e+00
1.025600000000000023e+01,nan,1.007375176428288582e-02,0.000000000000000000e+00
1.027200000000000024e+01,nan,1.005296754596585705e-02,0.000000000000000000e+00
1.028800000000000026e+01,nan,1.003776550292968979e-02,0.000000000000000000e+00
1.030400000000000027e+01,nan,1.000419105279527071e-02,0.000000000000000000e+00
1.032000000000000028e+01,nan,1.000080278092725476e-02,0.000000000000000000e+00
1.033600000000000030e+01,nan,1.000004700797730087e-02,0.000000000000000000e+00
1.035200000000000031e+01,7.000000000000000000e+01,1.000000154655429629e-02,0.000000000000000000e+00
1.036800000000000033e+01,7.000000000000000000e+01,1.000012784523254296e-02,0.000000000000000000e+00
1.038400000000000034e+01,7.000000000000000000e+01,1.000281582581110003e-02,0.000000000000000000e+00
1.040000000000000036e+01,7.000000000000000000e+01,1.000617855533407832e-02,0.000000000000000000e+00
1.041600000000000037e+01,7.040550587474973554e+01,1.005296754596585705e-02,0.000000000000000000e+00
1.043200000000000038e+01,7.000000000000000000e+01,1.000419105279527071e-02,0.000000000000000000e+00
1.044800000000000040e+01,7.040550587474973554e+01,1.014004604470406835e-02,0.000000000000000000e+00
1.046400000000000041e+01,7.205115656504445099e+01,1.000000000002385092e-02,0.000000000000000000e+00
1.048000000000000043e+01,nan,1.000002785026228580e-02,0.000000000000000000e+00
1.049600000000000044e+01,nan,1.000007810228032389e-02,0.000000000000000000e+00
1.051200000000000045e+01,nan,1.000000928748663066e-02,0.000000000000000000e+00
1.052800000000000047e+01,7.416241660515066769e+01,1.000032860450165983e-02,0.000000000000000000e+00
1.054400000000000048e+01,7.459203511399388731e+01,1.000187304601255107e-02,0.000000000000000000e+00
1.056000000000000050e+01,7.459203511399388731e+01,1.000419105279526898e-02,0.000000000000000000e+00
1.057600000000000051e+01,7.459203511399388731e+01,1.000902549334298751e-02,0.000000000000000000e+00
1.059200000000000053e+01,7.459203511399388731e+01,1.014004604470406662e-02,0.000000000000000000e+00
1.060800000000000054e+01,7.459203511399388731e+01,1.310026255051339496e-02,0.000000000000000000e+00
1.062400000000000055e+01,7.459203511399388731e+01,1.062260904091153271e-02,0.000000000000000000e+00
1.064000000000000057e+01,7.416241660515066769e+01,1.025905055977886088e-02,0.000000000000000000e+00
1.065600000000000058e+01,7.416241660515066769e+01,1.002672467381077008e-02,0.000000000000000000e+00
1.067200000000000060e+01,7.373527251683850636e+01,1.000123296498611758e-02,0.000000000000000000e+00
1.068800000000000061e+01,7.000000000000000000e+01,1.000051671960452450e-02,0.000000000000000000e+00
1.070400000000000063e+01,7.000000000000000000e+01,1.000000287110036808e-02,0.000000000000000000e+00
1.072000000000000064e+01,nan,1.000000000002385092e-02,0.000000000000000000e+00
1.073600000000000065e+01,nan,1.000000041792507670e-02,0.000000000000000000e+00
1.075200000000000067e+01,nan,1.000004700797730087e-02,0.000000000000000000e+00
1.076800000000000068e+01,nan,1.000051671960452623e-02,0.000000000000000000e+00
1.078400000000000070e+01,nan,1.000080278092725476e-02,0.000000000000000000e+00
1.080000000000000071e+01,nan,1.000902549334298577e-02,0.000000000000000000e+00
1.081600000000000072e+01,nan,1.310026255051339322e-02,0.000000000000000000e+00
1.083200000000000074e+01,nan,3.489742801962525398e-02,0.000000000000000000e+00
1.084800000000000075e+01,nan,5.607139544589263142e-02,0.000000000000000000e+00
1.086400000000000077e+01,nan,3.489742801962526092e-02,0.000000000000000000e+00
1.088000000000000078e+01,nan,1.082446372823416686e-02,0.000000000000000000e+00
1.089600000000000080e+01,nan,1.000187304601255107e-02,0.000000000000000000e+00
1.091200000000000081e+01,nan,1.000007810228032389e-02,0.000000000000000000e+00
1.092800000000000082e+01,9.236555375410259217e+01,1.000187304601255107e-02,0.000000000000000000e+00
1.094400000000000084e+01,9.507207106791248918e+01,1.000617855533407832e-02,0.000000000000000000e+00
1.096000000000000085e+01,9.729427538896358385e+01,1.001876450976913781e-02,0.000000000000000000e+00
1.097600000000000087e+01,9.729427538896358385e+01,1.010197459374499035e-02,0.000000000000000000e+00
1.099200000000000088e+01,9.785789539253136127e+01,1.025905055977886088e-02,0.000000000000000000e+00
1.100799999999999912e+01,9.785789539253136127e+01,1.034905513337584446e-02,0.000000000000000000e+00
1.102399999999999913e+01,9.785789539253136127e+01,1.310026255051339322e-02,0.000000000000000000e+00
1.103999999999999915e+01,9.785789539253136127e+01,1.818737573491218534e-02,0.000000000000000000e+00
1.105599999999999916e+01,9.785789539253136127e+01,1.818737573491218187e-02,0.000000000000000000e+00
1.107199999999999918e+01,9.785789539253136127e+01,1.185350539468341298e-02,0.000000000000000000e+00
1.108799999999999919e+01,9.729427538896358385e+01,1.025905055977886088e-02,0.000000000000000000e+00
1.110399999999999920e+01,9.507207106791248918e+01,1.001306884623897470e-02,0.000000000000000000e+00
1.111999999999999922e+01,9.343878979190240841e+01,1.007375176428288409e-02,0.000000000000000000e+00
1.113599999999999923e+01,9.343878979190240841e+01,1.001876450976913954e-02,0.000000000000000000e+00
1.115199999999999925e+01,9.398007519461845050e+01,1.000617855533407832e-02,0.000000000000000000e+00
1.116799999999999926e+01,9.398007519461845050e+01,1.000419105279527071e-02,0.000000000000000000e+00
1.118399999999999928e+01,9.398007519461845050e+01,1.000281582581110003e-02,0.000000000000000000e+00
1.119999999999999929e+01,9.507207106791248918e+01,1.000080278092725476e-02,0.000000000000000000e+00
1.121599999999999930e+01,9.617675532206624212e+01,1.000080278092725476e-02,0.000000000000000000e+00
1.123199999999999932e+01,9.673390159774432107e+01,1.000080278092725303e-02,0.000000000000000000e+00
1.124799999999999933e+01,9.729427538896358385e+01,1.000419105279526898e-02,0.000000000000000000e+00
1.126399999999999935e+01,9.617675532206624212e+01,1.000080278092725476e-02,0.000000000000000000e+00
1.127999999999999936e+01,nan,1.000051671960452450e-02,0.000000000000000000e+00
1.129599999999999937e+01,nan,1.025905055977886261e-02,0.000000000000000000e+00
1.131199999999999939e+01,nan,1.310026255051339496e-02,0.000000000000000000e+00
1.132799999999999940e+01,nan,4.069733156888105663e-02,0.000000000000000000e+00
1.134399999999999942e+01,nan,1.000000521622944859e-02,0.000000000000000000e+00
1.135999999999999943e+01,nan,1.000001622642283580e-02,0.000000000000000000e+00
1.137599999999999945e+01,nan,1.010197459374499035e-02,0.000000000000000000e+00
1.139199999999999946e+01,nan,1.010197459374499035e-02,0.000000000000000000e+00
1.140799999999999947e+01,7.000000000000000000e+01,1.014004604470406835e-02,0.000000000000000000e+00
1.142399999999999949e+01,7.000000000000000000e+01,1.082446372823416686e-02,0.000000000000000000e+00
1.143999999999999950e+01,7.000000000000000000e+01,1.185350539468341298e-02,0.000000000000000000e+00
1.145599999999999952e+01,7.000000000000000000e+01,1.818737573491217840e-02,0.000000000000000000e+00
1.147199999999999953e+01,7.000000000000000000e+01,3.489742801962525398e-02,0.000000000000000000e+00
1.148799999999999955e+01,7.000000000000000000e+01,3.233360583906407237e-01,0.000000000000000000e+00
1.150399999999999956e+01,7.000000000000000000e+01,4.260623290432818400e-01,0.000000000000000000e+00
1.151999999999999957e+01,7.000000000000000000e+01,5.485250542599844348e-01,0.000000000000000000e+00
1.153599999999999959e+01,7.000000000000000000e+01,6.860828109301794209e-01,0.000000000000000000e+00
1.155199999999999960e+01,7.000000000000000000e+01,4.260623290432817845e-01,0.000000000000000000e+00
1.156799999999999962e+01,7.000000000000000000e+01,1.279370863012903592e-01,0.000000000000000000e+00
1.158399999999999963e+01,7.000000000000000000e+01,1.240312479355134764e-02,0.000000000000000000e+00
1.159999999999999964e+01,7.000000000000000000e+01,1.082446372823416686e-02,0.000000000000000000e+00
1.161599999999999966e+01,7.000000000000000000e+01,1.108579188894337139e-02,0.000000000000000000e+00
1.163199999999999967e+01,7.000000000000000000e+01,1.082446372823416686e-02,0.000000000000000000e+00
1.164799999999999969e+01,7.000000000000000000e+01,1.014004604470406835e-02,0.000000000000000000e+00
1.166399999999999970e+01,7.000000000000000000e+01,1.007375176428288582e-02,0.000000000000000000e+00
1.167999999999999972e+01,7.000000000000000000e+01,1.010197459374498861e-02,0.000000000000000000e+00
1.169599999999999973e+01,7.000000000000000000e+01,1.062260904091153271e-02,0.000000000000000000e+00
1.171199999999999974e+01,7.000000000000000000e+01,1.646758759311301237e-02,0.000000000000000000e+00
1.172799999999999976e+01,7.000000000000000000e+01,1.010197459374499208e-02,0.000000000000000000e+00
1.174399999999999977e+01,nan,1.000123296498611931e-02,0.000000000000000000e+00
1.175999999999999979e+01,nan,1.000902549334298577e-02,0.000000000000000000e+00
1.177599999999999980e+01,nan,1.000000081401490604e-02,0.000000000000000000e+00
1.179199999999999982e+01,nan,1.000000000000692522e-02,0.000000000000000000e+00
1.180799999999999983e+01,nan,1.000000287110036808e-02,0.000000000000000000e+00
1.182399999999999984e+01,nan,1.000000000950596740e-02,0.000000000000000000e+00
1.183999999999999986e+01,nan,1.000000081401490604e-02,0.000000000000000000e+00
1.185599999999999987e+01,nan,1.000032860450165983e-02,0.000000000000000000e+00
1.187199999999999989e+01,nan,1.000617855533408006e-02,0.000000000000000000e+00
1.188799999999999990e+01,nan,1.002672467381077008e-02,0.000000000000000000e+00
1.190399999999999991e+01,nan,1.007375176428288235e-02,0.000000000000000000e+00
1.191999999999999993e+01,nan,1.108579188894337313e-02,0.000000000000000000e+00
1.193599999999999994e+01,nan,1.646758759311300543e-02,0.000000000000000000e+00
1.195199999999999996e+01,nan,2.031762855636058338e-02,0.000000000000000000e+00
1.196799999999999997e+01,nan,1.818737573491218187e-02,0.000000000000000000e+00
1.198399999999999999e+01,nan,1.508558729750433987e-02,0.000000000000000000e+00
1.200000000000000000e+01,nan,1.240312479355134591e-02,0.000000000000000000e+00
1.201600000000000001e+01,nan,1.082446372823416686e-02,0.000000000000000000e+00
1.203200000000000003e+01,nan,1.046753361706990494e-02,0.000000000000000000e+00
1.204800000000000004e+01,nan,1.001306884623897470e-02,0.000000000000000000e+00
1.206400000000000006e+01,nan,1.000187304601254934e-02,0.000000000000000000e+00
1.208000000000000007e+01,nan,1.000080278092725476e-02,0.000000000000000000e+00
1.209600000000000009e+01,7.000000000000000000e+01,1.000051671960452450e-02,0.000000000000000000e+00
1.211200000000000010e+01,7.000000000000000000e+01,1.000032860450165983e-02,0.000000000000000000e+00
1.212800000000000011e+01,7.000000000000000000e+01,1.000617855533408006e-02,0.000000000000000000e+00
1.214400000000000013e+01,7.000000000000000000e+01,1.019107549696831108e-02,0.000000000000000000e+00
1.216000000000000014e+01,7.000000000000000000e+01,1.019107549696831108e-02,0.000000000000000000e+00
1.217600000000000016e+01,7.000000000000000000e+01,1.003776550292968806e-02,0.000000000000000000e+00
1.219200000000000017e+01,7.122357844718804643e+01,1.001876450976913954e-02,0.000000000000000000e+00
1.220800000000000018e+01,7.081336082113458019e+01,1.000902549334298751e-02,0.000000000000000000e+00
1.222400000000000020e+01,7.081336082113458019e+01,1.000000081401490604e-02,0.000000000000000000e+00
1.224000000000000021e+01,nan,1.000902549334298577e-02,0.000000000000000000e+00
1.225600000000000023e+01,nan,1.000000521622944859e-02,0.000000000000000000e+00
1.227200000000000024e+01,nan,1.000001622642283580e-02,0.000000000000000000e+00
1.228800000000000026e+01,nan,1.000000287110036808e-02,0.000000000000000000e+00
1.230400000000000027e+01,nan,1.000002785026228580e-02,0.000000000000000000e+00
1.232000000000000028e+01,nan,1.000020633903134053e-02,0.000000000000000000e+00
1.233600000000000030e+01,nan,1.000080278092725476e-02,0.000000000000000000e+00
1.235200000000000031e+01,nan,1.003776550292968806e-02,0.000000000000000000e+00
1.236800000000000033e+01,nan,1.014004604470406835e-02,0.000000000000000000e+00
1.238400000000000034e+01,nan,1.019107549696830935e-02,0.000000000000000000e+00
1.240000000000000036e+01,nan,1.062260904091153271e-02,0.000000000000000000e+00
1.241600000000000037e+01,nan,1.398021038018592774e-02,0.000000000000000000e+00
1.243200000000000038e+01,nan,1.240312479355134764e-02,0.000000000000000000e+00
1.244800000000000040e+01,nan,1.108579188894337313e-02,0.000000000000000000e+00
1.246400000000000041e+01,nan,1.007375176428288409e-02,0.000000000000000000e+00
1.248000000000000043e+01,nan,1.000902549334298577e-02,0.000000000000000000e+00
1.249600000000000044e+01,nan,1.002672467381077008e-02,0.000000000000000000e+00
1.251200000000000045e+01,nan,1.001306884623897470e-02,0.000000000000000000e+00
1.252800000000000047e+01,nan,1.000617855533407659e-02,0.000000000000000000e+00
1.254400000000000048e+01,nan,1.000617855533407832e-02,0.000000000000000000e+00
1.256000000000000050e+01,nan,1.000020633903133879e-02,0.000000000000000000e+00
1.257600000000000051e+01,nan,1.000000287110036634e-02,0.000000000000000000e+00
1.259200000000000053e+01,nan,1.000000041792507496e-02,0.000000000000000000e+00
1.260800000000000054e+01,nan,1.000000928748663240e-02,0.000000000000000000e+00
1.262400000000000055e+01,nan,1.000020633903134053e-02,0.000000000000000000e+00
1.264000000000000057e+01,nan,1.034905513337584446e-02,0.000000000000000000e+00
1.265600000000000058e+01,nan,1.019107549696831282e-02,0.000000000000000000e+00
1.267200000000000060e+01,nan,1.001876450976913954e-02,0.000000000000000000e+00
1.268800000000000061e+01,nan,1.005296754596585705e-02,0.000000000000000000e+00
1.270400000000000063e+01,nan,1.001306884623897470e-02,0.000000000000000000e+00
1.272000000000000064e+01,nan,1.001306884623897470e-02,0.000000000000000000e+00
1.273600000000000065e+01,nan,1.000617855533407832e-02,0.000000000000000000e+00
1.275200000000000067e+01,nan,1.000419105279527071e-02,0.000000000000000000e+00
1.276800000000000068e+01,nan,1.000419105279527071e-02,0.000000000000000000e+00
1.278400000000000070e+01,nan,1.001876450976913954e-02,0.000000000000000000e+00
1.280000000000000071e+01,nan,1.005296754596585705e-02,0.000000000000000000e+00
1.281600000000000072e+01,nan,1.003776550292968806e-02,0.000000000000000000e+00
1.283200000000000074e+01,nan,1.001306884623897470e-02,0.000000000000000000e+00
1.284800000000000075e+01,nan,1.000617855533407832e-02,0.000000000000000000e+00
1.286400000000000077e+01,nan,1.001306884623897470e-02,0.000000000000000000e+00
1.288000000000000078e+01,nan,1.000032860450165983e-02,0.000000000000000000e+00
1.289600000000000080e+01,nan,1.000000010142939634e-02,0.000000000000000000e+00
1.291200000000000081e+01,nan,1.000000000160603496e-02,0.000000000000000000e+00
1.292800000000000082e+01,nan,1.000000000160603496e-02,0.000000000000000000e+00
1.294400000000000084e+01,nan,1.000000081401490604e-02,0.000000000000000000e+00
1.296000000000000085e+01,nan,1.000000521622944859e-02,0.000000000000000000e+00
1.297600000000000087e+01,nan,1.000020633903133879e-02,0.000000000000000000e+00
1.299200000000000088e+01,nan,1.000187304601255107e-02,0.000000000000000000e+00
1.300799999999999912e+01,nan,1.001306884623897470e-02,0.000000000000000000e+00
1.302399999999999913e+01,nan,1.007375176428288582e-02,0.000000000000000000e+00
1.303999999999999915e+01,nan,1.014004604470407009e-02,0.000000000000000000e+00
1.305599999999999916e+01,nan,1.508558729750433813e-02,0.000000000000000000e+00
1.307199999999999918e+01,nan,2.294421912463859986e-02,0.000000000000000000e+00
1.308799999999999919e+01,nan,2.294421912463859986e-02,0.000000000000000000e+00
1.310399999999999920e+01,nan,1.240312479355134591e-02,0.000000000000000000e+00
1.311999999999999922e+01,nan,1.062260904091153098e-02,0.000000000000000000e+00
1.313599999999999923e+01,nan,1.010197459374499035e-02,0.000000000000000000e+00
1.315199999999999925e+01,nan,1.034905513337584272e-02,0.000000000000000000e+00
1.316799999999999926e+01,nan,1.046753361706990494e-02,0.000000000000000000e+00
1.318399999999999928e+01,nan,1.034905513337584446e-02,0.000000000000000000e+00
1.319999999999999929e+01,nan,1.034905513337584272e-02,0.000000000000000000e+00
1.321599999999999930e+01,nan,1.025905055977886261e-02,0.000000000000000000e+00
1.323199999999999932e+01,nan,1.034905513337584619e-02,0.000000000000000000e+00
1.324799999999999933e+01,nan,1.082446372823416686e-02,0.000000000000000000e+00
1.326399999999999935e+01,nan,1.142233425070907429e-02,0.000000000000000000e+00
1.327999999999999936e+01,nan,1.034905513337584446e-02,0.000000000000000000e+00
1.329599999999999937e+01,nan,1.034905513337584446e-02,0.000000000000000000e+00
1.331199999999999939e+01,nan,1.019107549696831108e-02,0.000000000000000000e+00
1.332799999999999940e+01,nan,1.034905513337584272e-02,0.000000000000000000e+00
1.334399999999999942e+01,nan,1.007375176428288409e-02,0.000000000000000000e+00
1.335999999999999943e+01,nan,1.002672467381077008e-02,0.000000000000000000e+00
1.337599999999999945e+01,nan,1.000902549334298404e-02,0.000000000000000000e+00
1.339199999999999946e+01,nan,1.000617855533407832e-02,0.000000000000000000e+00
1.340799999999999947e+01,nan,1.000617855533407832e-02,0.000000000000000000e+00
1.342399999999999949e+01,nan,1.002672467381077008e-02,0.000000000000000000e+00
1.343999999999999950e+01,nan,1.010197459374499035e-02,0.000000000000000000e+00
1.345599999999999952e+01,nan,1.014004604470406835e-02,0.000000000000000000e+00
1.347199999999999953e+01,nan,1.014004604470406835e-02,0.000000000000000000e+00
1.348799999999999955e+01,nan,1.019107549696831282e-02,0.000000000000000000e+00
1.350399999999999956e+01,nan,1.034905513337584272e-02,0.000000000000000000e+00
1.351999999999999957e+01,nan,1.025905055977886261e-02,0.000000000000000000e+00
1.353599999999999959e+01,nan,1.001876450976913954e-02,0.000000000000000000e+00
1.355199999999999960e+01,nan,1.000001622642283580e-02,0.000000000000000000e+00
1.356799999999999962e+01,nan,1.000020633903134053e-02,0.000000000000000000e+00
1.358399999999999963e+01,nan,1.000012784523254122e-02,0.000000000000000000e+00
1.359999999999999964e+01,nan,1.000032860450165983e-02,0.000000000000000000e+00
1.361599999999999966e+01,nan,1.000007810228032389e-02,0.000000000000000000e+00
1.363199999999999967e+01,nan,1.000004700797730087e-02,0.000000000000000000e+00
1.364799999999999969e+01,nan,1.000007810228032389e-02,0.000000000000000000e+00
1.366399999999999970e+01,nan,1.000004700797730087e-02,0.000000000000000000e+00
1.367999999999999972e+01,nan,1.000007810228032389e-02,0.000000000000000000e+00
1.369599999999999973e+01,nan,1.000007810228032389e-02,0.000000000000000000e+00
1.371199999999999974e+01,nan,1.000080278092725476e-02,0.000000000000000000e+00
1.372799999999999976e+01,nan,1.000617855533407832e-02,0.000000000000000000e+00
1.374399999999999977e+01,nan,1.000617855533407832e-02,0.000000000000000000e+00
1.375999999999999979e+01,nan,1.003776550292968806e-02,0.000000000000000000e+00
1.377599999999999980e+01,nan,1.000617855531324603e-02,0.000000000000000000e+00
1.379199999999999982e+01,nan,1.000007810228032389e-02,0.000000000000000000e+00
1.380799999999999983e+01,nan,1.000012784523254122e-02,0.000000000000000000e+00
1.382399999999999984e+01,nan,1.000000000399662269e-02,0.000000000000000000e+00
1.383999999999999986e+01,nan,1.000000010142939808e-02,0.000000000000000000e+00
1.385599999999999987e+01,nan,1.000000000000000021e-02,0.000000000000000000e+00
1.387199999999999989e+01,nan,1.000000000000000021e-02,0.000000000000000000e+00
1.388799999999999990e+01,nan,7.391291129072180970e-14,0.000000000000000000e+00
1.390399999999999991e+01,nan,9.480668796748317575e-09,0.000000000000000000e+00
1.391999999999999993e+01,nan,1.009711996125310842e-10,0.000000000000000000e+00
1.393599999999999994e+01,nan,2.922573493941549194e-12,0.000000000000000000e+00
1.395199999999999996e+01,nan,7.429640008163657799e-14,0.000000000000000000e+00
1.396799999999999997e+01,nan,1.937187727060442179e-13,0.000000000000000000e+00
1.398399999999999999e+01,nan,1.000000002856002608e-02,0.000000000000000000e+00
1.400000000000000000e+01,nan,2.928074398966533728e-12,0.000000000000000000e+00
1.401600000000000001e+01,4.123187762681471327e+02,1.000002785026228580e-02,0.000000000000000000e+00
1.403200000000000003e+01,4.075828911958124081e+02,1.001876450976913954e-02,0.000000000000000000e+00
1.404800000000000004e+01,4.123187762681471327e+02,1.046753361706990494e-02,0.000000000000000000e+00
1.406400000000000006e+01,4.147073146402379962e+02,4.069733156888106357e-02,0.000000000000000000e+00
1.408000000000000007e+01,4.171096896743567299e+02,2.796051653363589296e-01,0.000000000000000000e+00
1.409600000000000009e+01,4.219562708128813142e+02,6.159498854580679472e-01,0.000000000000000000e+00
1.411200000000000010e+01,4.219562708128813142e+02,8.266452181768509933e-01,1.000000000000000000e+00
1.412800000000000011e+01,4.219562708128813142e+02,8.266041447771710349e-01,1.000000000000000000e+00
1.414400000000000013e+01,4.244006386229115151e+02,8.266041447771718120e-01,1.000000000000000000e+00
1.416000000000000014e+01,4.244006386229115151e+02,8.266222976865094108e-01,1.000000000000000000e+00
1.417600000000000016e+01,4.219562708128813142e+02,7.571437441213982877e-01,0.000000000000000000e+00
1.419200000000000017e+01,4.219562708128813142e+02,6.159498854580679472e-01,0.000000000000000000e+00
1.420800000000000018e+01,4.195259815254709110e+02,4.260623290432818955e-01,0.000000000000000000e+00
1.422400000000000020e+01,4.171096896743567299e+02,2.796051653363588740e-01,0.000000000000000000e+00
1.424000000000000021e+01,4.147073146402379962e+02,1.504646013433388052e-01,0.000000000000000000e+00
1.425600000000000023e+01,4.123187762681471327e+02,7.797523762294818195e-02,0.000000000000000000e+00
1.427200000000000024e+01,4.099439948647750498e+02,4.069733156888106357e-02,0.000000000000000000e+00
1.428800000000000026e+01,4.075828911958124081e+02,1.085797707287449315e-01,0.000000000000000000e+00
1.430400000000000027e+01,4.052353864833058310e+02,1.765306086328975455e-01,0.000000000000000000e+00
1.432000000000000028e+01,4.052353864833058310e+02,2.796051653363588185e-01,0.000000000000000000e+00
1.433600000000000030e+01,4.029014024030295786e+02,3.721358982975087049e-01,0.000000000000000000e+00
1.435200000000000031e+01,4.029014024030295786e+02,4.260623290432817845e-01,0.000000000000000000e+00
1.436800000000000033e+01,4.029014024030295786e+02,4.849868077159112389e-01,0.000000000000000000e+00
1.438400000000000034e+01,4.005808610818723423e+02,4.849868077159112945e-01,0.000000000000000000e+00
1.440000000000000036e+01,4.005808610818723423e+02,4.260623290432819510e-01,0.000000000000000000e+00
1.441600000000000037e+01,3.982736850952388181e+02,3.721358982975087049e-01,0.000000000000000000e+00
1.443200000000000038e+01,3.982736850952388181e+02,3.721358982975087049e-01,0.000000000000000000e+00
1.444800000000000040e+01,3.982736850952388181e+02,3.233360583906408348e-01,0.000000000000000000e+00
1.446400000000000041e+01,3.959797974644666283e+02,2.796051653363588185e-01,0.000000000000000000e+00
1.448000000000000043e+01,3.959797974644666283e+02,2.796051653363588740e-01,0.000000000000000000e+00
1.449600000000000044e+01,3.959797974644666283e+02,2.407543944755742571e-01,0.000000000000000000e+00
1.451200000000000045e+01,3.959797974644666283e+02,2.065067991177522433e-01,0.000000000000000000e+00
1.452800000000000047e+01,3.959797974644666283e+02,1.765306086328976010e-01,0.000000000000000000e+00
1.454400000000000048e+01,3.959797974644666283e+02,1.279370863012903592e-01,0.000000000000000000e+00
1.456000000000000050e+01,3.936991216542578513e+02,9.203757081218100211e-02,0.000000000000000000e+00
1.457600000000000051e+01,3.936991216542578513e+02,9.203757081218100211e-02,0.000000000000000000e+00
1.459200000000000053e+01,3.936991216542578513e+02,1.085797707287449732e-01,0.000000000000000000e+00
1.460800000000000054e+01,3.936991216542578513e+02,2.407543944755742849e-01,0.000000000000000000e+00
1.462400000000000055e+01,3.936991216542578513e+02,2.796051653363588740e-01,0.000000000000000000e+00
1.464000000000000057e+01,3.936991216542578513e+02,2.796051653363588740e-01,0.000000000000000000e+00
1.465600000000000058e+01,3.936991216542578513e+02,2.796051653363588740e-01,0.000000000000000000e+00
1.467200000000000060e+01,3.936991216542578513e+02,3.721358982975085938e-01,0.000000000000000000e+00
1.468800000000000061e+01,3.959797974644666283e+02,2.796051653363588185e-01,0.000000000000000000e+00
1.470400000000000063e+01,3.959797974644666283e+02,2.796051653363587630e-01,0.000000000000000000e+00
1.472000000000000064e+01,3.959797974644666283e+02,3.721358982975085938e-01,0.000000000000000000e+00
1.473600000000000065e+01,3.959797974644666283e+02,4.260623290432817289e-01,0.000000000000000000e+00
1.475200000000000067e+01,3.959797974644666283e+02,4.849868077159112945e-01,0.000000000000000000e+00
1.476800000000000068e+01,3.959797974644666283e+02,5.485250542599845458e-01,0.000000000000000000e+00
1.478400000000000070e+01,3.959797974644666283e+02,5.485250542599846568e-01,0.000000000000000000e+00
1.480000000000000071e+01,3.959797974644666283e+02,4.849868077159112945e-01,0.000000000000000000e+00
1.481600000000000072e+01,3.959797974644666283e+02,4.260623290432817845e-01,0.000000000000000000e+00
1.483200000000000074e+01,3.959797974644666283e+02,3.721358982975087049e-01,0.000000000000000000e+00
1.484800000000000075e+01,3.959797974644666283e+02,3.721358982975086493e-01,0.000000000000000000e+00
1.486400000000000077e+01,3.959797974644666283e+02,3.721358982975087049e-01,0.000000000000000000e+00
1.488000000000000078e+01,3.959797974644666283e+02,3.721358982975086493e-01,0.000000000000000000e+00
1.489600000000000080e+01,3.959797974644666283e+02,3.233360583906407792e-01,0.000000000000000000e+00
1.491200000000000081e+01,3.982736850952388181e+02,4.069733156888105663e-02,0.000000000000000000e+00
1.492800000000000082e+01,nan,1.398021038018592947e-02,0.000000000000000000e+00
1.494400000000000084e+01,nan,1.646758759311300543e-02,0.000000000000000000e+00
1.496000000000000085e+01,6.001931390203241108e+02,2.616802860893575888e-02,0.000000000000000000e+00
1.497600000000000087e+01,6.071670473687943286e+02,9.203757081218100211e-02,0.000000000000000000e+00
1.499200000000000088e+01,6.036700225039988936e+02,1.504646013433387775e-01,0.000000000000000000e+00
1.500799999999999912e+01,6.001931390203241108e+02,6.608151270920702147e-02,0.000000000000000000e+00
1.502399999999999913e+01,6.001931390203241108e+02,7.797523762294819583e-02,0.000000000000000000e+00
1.503999999999999915e+01,6.001931390203241108e+02,1.279370863012903314e-01,0.000000000000000000e+00
1.505599999999999916e+01,6.001931390203241108e+02,1.085797707287449732e-01,0.000000000000000000e+00
1.507199999999999918e+01,6.001931390203241108e+02,5.607139544589263142e-02,0.000000000000000000e+00
1.508799999999999919e+01,5.864847087795510561e+02,5.607139544589262448e-02,0.000000000000000000e+00
1.510399999999999920e+01,5.764092525203554942e+02,2.065067991177522710e-01,0.000000000000000000e+00
1.511999999999999922e+01,5.730893795181938231e+02,1.240312479355134591e-02,0.000000000000000000e+00
1.513599999999999923e+01,nan,1.009034731944762758e-02,0.000000000000000000e+00
1.515199999999999925e+01,nan,1.000873313590625036e-02,0.000000000000000000e+00
1.516799999999999926e+01,nan,1.000051207875673684e-02,0.000000000000000000e+00
1.518399999999999928e+01,nan,1.000012784167686984e-02,0.000000000000000000e+00
1.519999999999999929e+01,nan,1.000032860450127646e-02,0.000000000000000000e+00
1.521599999999999930e+01,nan,1.000032860450165810e-02,0.000000000000000000e+00
1.523199999999999932e+01,nan,1.000051671960452450e-02,0.000000000000000000e+00
1.524799999999999933e+01,nan,1.000281582581110003e-02,0.000000000000000000e+00
1.526399999999999935e+01,5.697886275775043714e+02,1.000902549334298577e-02,0.000000000000000000e+00
1.527999999999999936e+01,5.697886275775043714e+02,1.019107549696831108e-02,0.000000000000000000e+00
1.529599999999999937e+01,5.697886275775043714e+02,1.185350539468341298e-02,0.000000000000000000e+00
1.531199999999999939e+01,5.730893795181938231e+02,1.310026255051339496e-02,0.000000000000000000e+00
1.532799999999999940e+01,5.697886275775043714e+02,1.185350539468341124e-02,0.000000000000000000e+00
1.534399999999999942e+01,5.697886275775043714e+02,1.108579188894337313e-02,0.000000000000000000e+00
1.535999999999999943e+01,5.665068865690766415e+02,1.046753361706990494e-02,0.000000000000000000e+00
1.537599999999999945e+01,5.632440469979978843e+02,1.007375176428288409e-02,0.000000000000000000e+00
1.539199999999999946e+01,5.600000000000000000e+02,1.001876450976913954e-02,0.000000000000000000e+00
1.540799999999999947e+01,5.567746373378265616e+02,1.001306884623897470e-02,0.000000000000000000e+00
1.542399999999999949e+01,5.535678513976218937e+02,1.001876450976913954e-02,0.000000000000000000e+00
1.543999999999999950e+01,5.503795351853406146e+02,1.000617855533407832e-02,0.000000000000000000e+00
1.545599999999999952e+01,5.472095823231777558e+02,1.000617855533407832e-02,0.000000000000000000e+00
1.547199999999999953e+01,5.440578870460193457e+02,1.000281582581110003e-02,0.000000000000000000e+00
1.548799999999999955e+01,5.440578870460193457e+02,1.000281582581110003e-02,0.000000000000000000e+00
1.550399999999999956e+01,5.440578870460193457e+02,1.000281582581110003e-02,0.000000000000000000e+00
1.551999999999999957e+01,5.409243441979135696e+02,1.000281582581110003e-02,0.000000000000000000e+00
1.553599999999999959e+01,5.409243441979135696e+02,1.000187304601255107e-02,0.000000000000000000e+00
1.555199999999999960e+01,5.409243441979135696e+02,1.000187304601255107e-02,0.000000000000000000e+00
1.556799999999999962e+01,5.378088492285623943e+02,1.000617855533407832e-02,0.000000000000000000e+00
1.558399999999999963e+01,5.378088492285623943e+02,1.001876450976913954e-02,0.000000000000000000e+00
1.559999999999999964e+01,5.347112981898332009e+02,1.007375176428288409e-02,0.000000000000000000e+00
1.561599999999999966e+01,5.347112981898332009e+02,1.003776550292968806e-02,0.000000000000000000e+00
1.563199999999999967e+01,5.347112981898332009e+02,1.005296754596585705e-02,0.000000000000000000e+00
1.564799999999999969e+01,5.347112981898332009e+02,1.007375176428288409e-02,0.000000000000000000e+00
1.566399999999999970e+01,5.347112981898332009e+02,1.007375176428288409e-02,0.000000000000000000e+00
1.567999999999999972e+01,5.316315877322906545e+02,1.007375176428288409e-02,0.000000000000000000e+00
1.569599999999999973e+01,5.316315877322906545e+02,1.014004604470406835e-02,0.000000000000000000e+00
1.571199999999999974e+01,5.316315877322906545e+02,1.014004604470406835e-02,0.000000000000000000e+00
1.572799999999999976e+01,5.316315877322906545e+02,1.001306884623897470e-02,0.000000000000000000e+00
1.574399999999999977e+01,5.255252781358400398e+02,1.002672467381077008e-02,0.000000000000000000e+00
1.575999999999999979e+01,5.255252781358400398e+02,1.003776550292968806e-02,0.000000000000000000e+00
1.577599999999999980e+01,5.255252781358400398e+02,1.010197459374499035e-02,0.000000000000000000e+00
1.579199999999999982e+01,5.255252781358400398e+02,1.034905513337584446e-02,0.000000000000000000e+00
1.580799999999999983e+01,5.255252781358400398e+02,1.046753361706990494e-02,0.000000000000000000e+00
1.582399999999999984e+01,5.255252781358400398e+02,1.019107549696831108e-02,0.000000000000000000e+00
1.583999999999999986e+01,5.224984752606121674e+02,1.019107549696830935e-02,0.000000000000000000e+00
1.585599999999999987e+01,5.224984752606121674e+02,1.108579188894337313e-02,0.000000000000000000e+00
1.587199999999999989e+01,5.224984752606121674e+02,1.108579188894337313e-02,0.000000000000000000e+00
1.588799999999999990e+01,5.224984752606121674e+02,1.062260904091153271e-02,0.000000000000000000e+00
1.590399999999999991e+01,5.194891054871333154e+02,1.014004604470406835e-02,0.000000000000000000e+00
1.591999999999999993e+01,5.194891054871333154e+02,1.005296754596585705e-02,0.000000000000000000e+00
1.593599999999999994e+01,5.194891054871333154e+02,1.002672467381077008e-02,0.000000000000000000e+00
1.595199999999999996e+01,5.194891054871333154e+02,1.007375176428288409e-02,0.000000000000000000e+00
1.596799999999999997e+01,5.224984752606121674e+02,1.002672467381077008e-02,0.000000000000000000e+00
1.598399999999999999e+01,5.224984752606121674e+02,1.000902549334298577e-02,0.000000000000000000e+00
1.600000000000000000e+01,5.224984752606121674e+02,1.000281582581110003e-02,0.000000000000000000e+00
1.601599999999999824e+01,5.255252781358400398e+02,1.000012784523254122e-02,0.000000000000000000e+00
1.603200000000000003e+01,5.285696151017483544e+02,1.000012784523254122e-02,0.000000000000000000e+00
1.604799999999999827e+01,5.285696151017483544e+02,1.000007810228032389e-02,0.000000000000000000e+00
1.606400000000000006e+01,5.255252781358400398e+02,1.000000287110036808e-02,0.000000000000000000e+00
1.607999999999999829e+01,5.316315877322906545e+02,1.000000002170159212e-02,0.000000000000000000e+00
1.609600000000000009e+01,nan,1.000000000022191297e-02,0.000000000000000000e+00
1.611199999999999832e+01,nan,1.000000002170159212e-02,0.000000000000000000e+00
1.612800000000000011e+01,nan,1.000000154655429629e-02,0.000000000000000000e+00
1.614399999999999835e+01,nan,6.310391153924258684e-10,0.000000000000000000e+00
1.616000000000000014e+01,nan,1.000902549334298577e-02,0.000000000000000000e+00
1.617599999999999838e+01,nan,1.000000287110036981e-02,0.000000000000000000e+00
1.619200000000000017e+01,nan,1.082446372823416686e-02,0.000000000000000000e+00
1.620799999999999841e+01,nan,1.000187304601255107e-02,0.000000000000000000e+00
1.622400000000000020e+01,nan,1.001306884623897470e-02,0.000000000000000000e+00
1.623999999999999844e+01,nan,1.001876450976913954e-02,0.000000000000000000e+00
1.625600000000000023e+01,nan,1.000012784523254122e-02,0.000000000000000000e+00
1.627199999999999847e+01,nan,1.000012784523254122e-02,0.000000000000000000e+00
1.628800000000000026e+01,nan,1.000000928748663066e-02,0.000000000000000000e+00
1.630399999999999849e+01,nan,1.000004700797730087e-02,0.000000000000000000e+00
1.632000000000000028e+01,nan,1.000012784523254122e-02,0.000000000000000000e+00
1.633599999999999852e+01,nan,1.000020633903134053e-02,0.000000000000000000e+00
1.635200000000000031e+01,nan,1.000123296498611931e-02,0.000000000000000000e+00
1.636799999999999855e+01,nan,1.014004604470406835e-02,0.000000000000000000e+00
1.638400000000000034e+01,nan,1.019107549696831108e-02,0.000000000000000000e+00
1.639999999999999858e+01,nan,1.046753361706990494e-02,0.000000000000000000e+00
1.641600000000000037e+01,nan,1.108579188894337313e-02,0.000000000000000000e+00
1.643199999999999861e+01,nan,1.046753361706990494e-02,0.000000000000000000e+00
1.644800000000000040e+01,nan,1.000000000000000021e-02,0.000000000000000000e+00
1.646399999999999864e+01,nan,1.000000002170159212e-02,0.000000000000000000e+00
1.648000000000000043e+01,1.449370893377928553e+02,1.000000000160603496e-02,0.000000000000000000e+00
1.649599999999999866e+01,1.375948837963351536e+02,1.000007810228032389e-02,0.000000000000000000e+00
1.651200000000000045e+01,1.291242671020314958e+02,1.000000081401490430e-02,0.000000000000000000e+00
1.652799999999999869e+01,1.261750647655162254e+02,1.000020633903134053e-02,0.000000000000000000e+00
1.654400000000000048e+01,1.254483498676733433e+02,1.000902549334298404e-02,0.000000000000000000e+00
1.655999999999999872e+01,1.247258205396475006e+02,1.005296754596585705e-02,0.000000000000000000e+00
1.657600000000000051e+01,1.240074526743304659e+02,1.010197459374499035e-02,0.000000000000000000e+00
1.659199999999999875e+01,1.232932223034607802e+02,1.082446372823416686e-02,0.000000000000000000e+00
1.660800000000000054e+01,1.218770788614573775e+02,1.818737573491218187e-02,0.000000000000000000e+00
1.662399999999999878e+01,1.211751185408600122e+02,1.310026255051339496e-02,0.000000000000000000e+00
1.664000000000000057e+01,1.190934025331198001e+02,1.014004604470407009e-02,0.000000000000000000e+00
1.665599999999999881e+01,1.157030445415896338e+02,1.001306884623897470e-02,0.000000000000000000e+00
1.667200000000000060e+01,1.111180736377739606e+02,1.001876450976913954e-02,0.000000000000000000e+00
1.668799999999999883e+01,1.092091316418722897e+02,1.002672467381077008e-02,0.000000000000000000e+00
1.670400000000000063e+01,1.067147916279033382e+02,1.001306884623897470e-02,0.000000000000000000e+00
1.671999999999999886e+01,1.030796940670367974e+02,1.000617855533407832e-02,0.000000000000000000e+00
1.673600000000000065e+01,9.842478041356446283e+01,1.002672467381077008e-02,0.000000000000000000e+00
1.675199999999999889e+01,9.452449623177329840e+01,1.046753361706990494e-02,0.000000000000000000e+00
1.676800000000000068e+01,9.343878979190240841e+01,1.142233425070907429e-02,0.000000000000000000e+00
1.678399999999999892e+01,9.130464488358948927e+01,1.310026255051339322e-02,0.000000000000000000e+00
1.680000000000000071e+01,8.973608573445102365e+01,1.034905513337584446e-02,0.000000000000000000e+00
1.681599999999999895e+01,8.870537888009435790e+01,1.005296754596585705e-02,0.000000000000000000e+00
1.683200000000000074e+01,8.421175252574816739e+01,1.000281582581110003e-02,0.000000000000000000e+00
1.684799999999999898e+01,7.902750833642917883e+01,1.001876450976913954e-02,0.000000000000000000e+00
1.686400000000000077e+01,7.722251755146224639e+01,1.014004604470406835e-02,0.000000000000000000e+00
1.687999999999999901e+01,7.545875281299986170e+01,1.108579188894337313e-02,0.000000000000000000e+00
1.689600000000000080e+01,7.459203511399388731e+01,1.240312479355134764e-02,0.000000000000000000e+00
1.691199999999999903e+01,7.373527251683850636e+01,1.082446372823416686e-02,0.000000000000000000e+00
1.692800000000000082e+01,7.288835067743644913e+01,1.025905055977886261e-02,0.000000000000000000e+00
1.694399999999999906e+01,7.246854466889642765e+01,1.001306884623897470e-02,0.000000000000000000e+00
1.696000000000000085e+01,7.205115656504445099e+01,1.000020633903134053e-02,0.000000000000000000e+00
1.697599999999999909e+01,7.502414237754051385e+01,1.000000154655429629e-02,0.000000000000000000e+00
1.699200000000000088e+01,7.633554128656804494e+01,1.000000010142939634e-02,0.000000000000000000e+00
1.700799999999999912e+01,7.545875281299986170e+01,1.000000000399662269e-02,0.000000000000000000e+00
1.702400000000000091e+01,7.288835067743644913e+01,1.000000000160603496e-02,0.000000000000000000e+00
1.703999999999999915e+01,7.081336082113458019e+01,1.000000000950596740e-02,0.000000000000000000e+00
1.705600000000000094e+01,7.000000000000000000e+01,1.000000020889274359e-02,0.000000000000000000e+00
1.707199999999999918e+01,7.000000000000000000e+01,1.000000928748663066e-02,0.000000000000000000e+00
1.708800000000000097e+01,7.000000000000000000e+01,1.000002785026228580e-02,0.000000000000000000e+00
1.710399999999999920e+01,7.000000000000000000e+01,1.000001622642283580e-02,0.000000000000000000e+00
1.712000000000000099e+01,7.000000000000000000e+01,1.000000928748663066e-02,0.000000000000000000e+00
1.713599999999999923e+01,7.000000000000000000e+01,1.000000287110036808e-02,0.000000000000000000e+00
1.715200000000000102e+01,7.000000000000000000e+01,1.000000521622944859e-02,0.000000000000000000e+00
1.716799999999999926e+01,nan,1.000000154655429629e-02,0.000000000000000000e+00
1.718400000000000105e+01,nan,1.000001622642283580e-02,0.000000000000000000e+00
1.719999999999999929e+01,nan,1.000000521622944859e-02,0.000000000000000000e+00
1.721600000000000108e+01,nan,1.000001622642283580e-02,0.000000000000000000e+00
1.723199999999999932e+01,nan,1.000000521622944859e-02,0.000000000000000000e+00
1.724800000000000111e+01,nan,1.000000020889274359e-02,0.000000000000000000e+00
1.726399999999999935e+01,nan,1.000000000399662269e-02,0.000000000000000000e+00
1.728000000000000114e+01,nan,1.000000000007539996e-02,0.000000000000000000e+00
1.729599999999999937e+01,nan,1.000000000399662269e-02,0.000000000000000000e+00
1.731200000000000117e+01,nan,1.000000000061385987e-02,0.000000000000000000e+00
1.732799999999999940e+01,nan,1.000000000000000021e-02,0.000000000000000000e+00
1.734400000000000119e+01,7.000000000000000000e+01,1.000000000000000021e-02,0.000000000000000000e+00
1.735999999999999943e+01,7.000000000000000000e+01,1.000000000000000021e-02,0.000000000000000000e+00
1.737600000000000122e+01,7.122357844718804643e+01,1.000000000002385092e-02,0.000000000000000000e+00
1.739199999999999946e+01,7.163617243977424209e+01,1.000000002170159212e-02,0.000000000000000000e+00
1.740800000000000125e+01,7.122357844718804643e+01,1.000000000160603496e-02,0.000000000000000000e+00
1.742399999999999949e+01,7.163617243977424209e+01,1.000000002170159212e-02,0.000000000000000000e+00
1.744000000000000128e+01,7.122357844718804643e+01,1.000000004772602473e-02,0.000000000000000000e+00
1.745599999999999952e+01,7.163617243977424209e+01,1.000000020889274359e-02,0.000000000000000000e+00
1.747200000000000131e+01,7.122357844718804643e+01,1.000000000950596740e-02,0.000000000000000000e+00
1.748799999999999955e+01,7.081336082113458019e+01,1.000000000007539996e-02,0.000000000000000000e+00
1.750400000000000134e+01,7.081336082113458019e+01,1.000000000007539996e-02,0.000000000000000000e+00
1.751999999999999957e+01,7.000000000000000000e+01,1.000000000000186851e-02,0.000000000000000000e+00
1.753600000000000136e+01,7.000000000000000000e+01,1.000000000000000021e-02,0.000000000000000000e+00
1.755199999999999960e+01,nan,1.000000000000000021e-02,0.000000000000000000e+00
1.756800000000000139e+01,7.246854466889642765e+01,1.000000000000692522e-02,0.000000000000000000e+00
1.758399999999999963e+01,7.000000000000000000e+01,1.000000010142939634e-02,0.000000000000000000e+00
1.760000000000000142e+01,7.000000000000000000e+01,1.000000928748663066e-02,0.000000000000000000e+00
1.761599999999999966e+01,7.000000000000000000e+01,1.000051671960452450e-02,0.000000000000000000e+00
1.763200000000000145e+01,7.000000000000000000e+01,1.000902549334298577e-02,0.000000000000000000e+00
1.764799999999999969e+01,7.000000000000000000e+01,1.014004604470406835e-02,0.000000000000000000e+00
1.766400000000000148e+01,7.000000000000000000e+01,1.310026255051339496e-02,0.000000000000000000e+00
1.767999999999999972e+01,7.000000000000000000e+01,2.616802860893575541e-02,0.000000000000000000e+00
1.769600000000000151e+01,7.000000000000000000e+01,4.768699308253103453e-02,0.000000000000000000e+00
1.771199999999999974e+01,7.000000000000000000e+01,1.085797707287449732e-01,0.000000000000000000e+00
1.772800000000000153e+01,7.000000000000000000e+01,1.085797707287449732e-01,0.000000000000000000e+00
1.774399999999999977e+01,7.000000000000000000e+01,5.607139544589262448e-02,0.000000000000000000e+00
1.776000000000000156e+01,7.000000000000000000e+01,1.185350539468341298e-02,0.000000000000000000e+00
1.777599999999999980e+01,7.633554128656804494e+01,1.000002785026228580e-02,0.000000000000000000e+00
1.779200000000000159e+01,7.081336082113458019e+01,1.000000000950596740e-02,0.000000000000000000e+00
1.780799999999999983e+01,7.040550587474973554e+01,1.000007810228032215e-02,0.000000000000000000e+00
1.782400000000000162e+01,7.000000000000000000e+01,1.000080278092725476e-02,0.000000000000000000e+00
1.783999999999999986e+01,7.000000000000000000e+01,1.000281582581110003e-02,0.000000000000000000e+00
1.785600000000000165e+01,7.000000000000000000e+01,1.000617855533407832e-02,0.000000000000000000e+00
1.787199999999999989e+01,7.000000000000000000e+01,1.000419105279527071e-02,0.000000000000000000e+00
1.788800000000000168e+01,7.000000000000000000e+01,1.000902549334298577e-02,0.000000000000000000e+00
1.790399999999999991e+01,7.000000000000000000e+01,1.000281582581109829e-02,0.000000000000000000e+00
1.792000000000000171e+01,7.633554128656804494e+01,1.000012784523253949e-02,0.000000000000000000e+00
1.793599999999999994e+01,7.633554128656804494e+01,1.000080278092725476e-02,0.000000000000000000e+00
1.795200000000000173e+01,7.589588092109929107e+01,1.000051671960452450e-02,0.000000000000000000e+00
1.796799999999999997e+01,7.589588092109929107e+01,1.000032860450165983e-02,0.000000000000000000e+00
1.798400000000000176e+01,7.545875281299986170e+01,1.000020633903134053e-02,0.000000000000000000e+00
1.800000000000000000e+01,7.545875281299986170e+01,1.000007810228032389e-02,0.000000000000000000e+00
1.801599999999999824e+01,7.589588092109929107e+01,1.000001622642283580e-02,0.000000000000000000e+00
1.803200000000000003e+01,7.633554128656804494e+01,1.000000287110036808e-02,0.000000000000000000e+00
1.804799999999999827e+01,7.000000000000000000e+01,1.000001622642283580e-02,0.000000000000000000e+00
1.806400000000000006e+01,7.000000000000000000e+01,1.000007810228032389e-02,0.000000000000000000e+00
1.807999999999999829e+01,7.000000000000000000e+01,1.000020633903134053e-02,0.000000000000000000e+00
1.809600000000000009e+01,7.000000000000000000e+01,1.000032860450165983e-02,0.000000000000000000e+00
1.811199999999999832e+01,7.000000000000000000e+01,1.000123296498611931e-02,0.000000000000000000e+00
1.812800000000000011e+01,7.000000000000000000e+01,1.000419105279527071e-02,0.000000000000000000e+00
1.814399999999999835e+01,7.000000000000000000e+01,1.000902549334298577e-02,0.000000000000000000e+00
1.816000000000000014e+01,7.000000000000000000e+01,1.001306884623897470e-02,0.000000000000000000e+00
1.817599999999999838e+01,7.000000000000000000e+01,1.001306884623897470e-02,0.000000000000000000e+00
1.819200000000000017e+01,7.000000000000000000e+01,1.001306884623897470e-02,0.000000000000000000e+00
1.820799999999999841e+01,7.000000000000000000e+01,1.000902549334298577e-02,0.000000000000000000e+00
1.822400000000000020e+01,7.000000000000000000e+01,1.000419105279527071e-02,0.000000000000000000e+00
1.823999999999999844e+01,7.000000000000000000e+01,1.000419105279527071e-02,0.000000000000000000e+00
1.825600000000000023e+01,7.000000000000000000e+01,1.000419105279527071e-02,0.000000000000000000e+00
1.827199999999999847e+01,7.000000000000000000e+01,1.000419105279527071e-02,0.000000000000000000e+00
1.828800000000000026e+01,7.000000000000000000e+01,1.000617855533407832e-02,0.000000000000000000e+00
1.830399999999999849e+01,7.000000000000000000e+01,1.000902549334298577e-02,0.000000000000000000e+00
1.832000000000000028e+01,7.000000000000000000e+01,1.002672467381077008e-02,0.000000000000000000e+00
1.833599999999999852e+01,7.000000000000000000e+01,1.007375176428288409e-02,0.000000000000000000e+00
1.835200000000000031e+01,7.000000000000000000e+01,1.014004604470406835e-02,0.000000000000000000e+00
1.836799999999999855e+01,7.000000000000000000e+01,1.025905055977886261e-02,0.000000000000000000e+00
1.838400000000000034e+01,7.000000000000000000e+01,1.034905513337584446e-02,0.000000000000000000e+00
1.839999999999999858e+01,7.000000000000000000e+01,1.034905513337584446e-02,0.000000000000000000e+00
1.841600000000000037e+01,7.000000000000000000e+01,1.046753361706990494e-02,0.000000000000000000e+00
1.843199999999999861e+01,7.000000000000000000e+01,1.062260904091153445e-02,0.000000000000000000e+00
1.844800000000000040e+01,7.000000000000000000e+01,1.108579188894337313e-02,0.000000000000000000e+00
1.846399999999999864e+01,7.000000000000000000e+01,1.108579188894337313e-02,0.000000000000000000e+00
1.848000000000000043e+01,7.000000000000000000e+01,1.142233425070907603e-02,0.000000000000000000e+00
1.849599999999999866e+01,7.000000000000000000e+01,1.108579188894337313e-02,0.000000000000000000e+00
1.851200000000000045e+01,7.000000000000000000e+01,1.062260904091153271e-02,0.000000000000000000e+00
1.852799999999999869e+01,7.000000000000000000e+01,1.034905513337584446e-02,0.000000000000000000e+00
1.854400000000000048e+01,7.000000000000000000e+01,1.019107549696831108e-02,0.000000000000000000e+00
1.855999999999999872e+01,7.000000000000000000e+01,1.010197459374499035e-02,0.000000000000000000e+00
1.857600000000000051e+01,7.000000000000000000e+01,1.014004604470406835e-02,0.000000000000000000e+00
1.859199999999999875e+01,7.000000000000000000e+01,1.014004604470406835e-02,0.000000000000000000e+00
1.860800000000000054e+01,7.000000000000000000e+01,1.019107549696831108e-02,0.000000000000000000e+00
1.862399999999999878e+01,7.000000000000000000e+01,1.025905055977886261e-02,0.000000000000000000e+00
1.864000000000000057e+01,7.000000000000000000e+01,1.034905513337584446e-02,0.000000000000000000e+00
1.865599999999999881e+01,7.000000000000000000e+01,1.062260904091153445e-02,0.000000000000000000e+00
1.867200000000000060e+01,7.000000000000000000e+01,1.142233425070907429e-02,0.000000000000000000e+00
1.868799999999999883e+01,7.000000000000000000e+01,1.185350539468341298e-02,0.000000000000000000e+00
1.870400000000000063e+01,7.000000000000000000e+01,1.240312479355134938e-02,0.000000000000000000e+00
1.871999999999999886e+01,7.000000000000000000e+01,1.310026255051339496e-02,0.000000000000000000e+00
1.873600000000000065e+01,7.000000000000000000e+01,1.398021038018592774e-02,0.000000000000000000e+00
1.875199999999999889e+01,7.000000000000000000e+01,1.398021038018592774e-02,0.000000000000000000e+00
1.876800000000000068e+01,7.000000000000000000e+01,1.508558729750433813e-02,0.000000000000000000e+00
1.878399999999999892e+01,7.000000000000000000e+01,1.646758759311300890e-02,0.000000000000000000e+00
1.880000000000000071e+01,7.000000000000000000e+01,1.818737573491218187e-02,0.000000000000000000e+00
1.881599999999999895e+01,7.000000000000000000e+01,2.031762855636058338e-02,0.000000000000000000e+00
1.883200000000000074e+01,7.000000000000000000e+01,2.031762855636058338e-02,0.000000000000000000e+00
1.884799999999999898e+01,7.000000000000000000e+01,1.818737573491218187e-02,0.000000000000000000e+00
1.886400000000000077e+01,7.000000000000000000e+01,2.031762855636058338e-02,0.000000000000000000e+00
1.887999999999999901e+01,7.000000000000000000e+01,2.031762855636058338e-02,0.000000000000000000e+00
1.889600000000000080e+01,7.000000000000000000e+01,2.294421912463859986e-02,0.000000000000000000e+00
1.891199999999999903e+01,7.000000000000000000e+01,3.010686179419501049e-02,0.000000000000000000e+00
1.892800000000000082e+01,7.000000000000000000e+01,4.069733156888105663e-02,0.000000000000000000e+00
1.894399999999999906e+01,7.000000000000000000e+01,4.768699308253103453e-02,0.000000000000000000e+00
1.896000000000000085e+01,7.000000000000000000e+01,4.768699308253103453e-02,0.000000000000000000e+00
1.897599999999999909e+01,7.000000000000000000e+01,5.607139544589262448e-02,0.000000000000000000e+00
1.899200000000000088e+01,7.000000000000000000e+01,9.203757081218101599e-02,0.000000000000000000e+00
1.900799999999999912e+01,7.000000000000000000e+01,1.085797707287449732e-01,0.000000000000000000e+00
1.902400000000000091e+01,7.000000000000000000e+01,1.765306086328975732e-01,0.000000000000000000e+00
1.903999999999999915e+01,7.000000000000000000e+01,2.407543944755742849e-01,0.000000000000000000e+00
1.905600000000000094e+01,7.000000000000000000e+01,2.796051653363588740e-01,0.000000000000000000e+00
1.907199999999999918e+01,7.000000000000000000e+01,3.721358982975087049e-01,0.000000000000000000e+00
1.908800000000000097e+01,7.000000000000000000e+01,4.849868077159112945e-01,0.000000000000000000e+00
1.910399999999999920e+01,7.000000000000000000e+01,4.849868077159112945e-01,0.000000000000000000e+00
1.912000000000000099e+01,7.000000000000000000e+01,4.260623290432817845e-01,0.000000000000000000e+00
1.913599999999999923e+01,7.000000000000000000e+01,3.233360583906408348e-01,0.000000000000000000e+00
1.915200000000000102e+01,7.000000000000000000e+01,2.407543944755742849e-01,0.000000000000000000e+00
1.916799999999999926e+01,7.000000000000000000e+01,3.489742801962526092e-02,0.000000000000000000e+00
1.918400000000000105e+01,nan,1.000000041792507670e-02,0.000000000000000000e+00
1.919999999999999929e+01,nan,1.000000004772602473e-02,0.000000000000000000e+00
1.921600000000000108e+01,nan,2.262312696234019770e-06,0.000000000000000000e+00
1.923199999999999932e+01,nan,1.000187304601254934e-02,0.000000000000000000e+00
1.924800000000000111e+01,nan,1.000020633903133879e-02,0.000000000000000000e+00
1.926399999999999935e+01,nan,0.000000000000000000e+00,0.000000000000000000e+00
1.928000000000000114e+01,nan,0.000000000000000000e+00,0.000000000000000000e+00
1.929599999999999937e+01,nan,0.000000000000000000e+00,0.000000000000000000e+00
1.931200000000000117e+01,nan,0.000000000000000000e+00,0.000000000000000000e+00
1.932799999999999940e+01,nan,0.000000000000000000e+00,0.000000000000000000e+00
1.934400000000000119e+01,nan,0.000000000000000000e+00,0.000000000000000000e+00
1.935999999999999943e+01,nan,0.000000000000000000e+00,0.000000000000000000e+00
1.937600000000000122e+01,nan,0.000000000000000000e+00,0.000000000000000000e+00
1.939199999999999946e+01,nan,0.000000000000000000e+00,0.000000000000000000e+00
1.940800000000000125e+01,nan,0.000000000000000000e+00,0.000000000000000000e+00
1.942399999999999949e+01,nan,0.000000000000000000e+00,0.000000000000000000e+00
1.944000000000000128e+01,nan,0.000000000000000000e+00,0.000000000000000000e+00
1.945599999999999952e+01,nan,0.000000000000000000e+00,0.000000000000000000e+00
1.947200000000000131e+01,nan,0.000000000000000000e+00,0.000000000000000000e+00
1.948799999999999955e+01,nan,0.000000000000000000e+00,0.000000000000000000e+00
1.950400000000000134e+01,nan,0.000000000000000000e+00,0.000000000000000000e+00
1.951999999999999957e+01,nan,0.000000000000000000e+00,0.000000000000000000e+00
1.953600000000000136e+01,nan,0.000000000000000000e+00,0.000000000000000000e+00
1.955199999999999960e+01,nan,0.000000000000000000e+00,0.000000000000000000e+00
1.956800000000000139e+01,nan,0.000000000000000000e+00,0.000000000000000000e+00
1.958399999999999963e+01,nan,0.000000000000000000e+00,0.000000000000000000e+00
1.960000000000000142e+01,nan,0.000000000000000000e+00,0.000000000000000000e+00
1.961599999999999966e+01,nan,0.000000000000000000e+00,0.000000000000000000e+00
1.963200000000000145e+01,nan,0.000000000000000000e+00,0.000000000000000000e+00
1.964799999999999969e+01,nan,0.000000000000000000e+00,0.000000000000000000e+00
1.966400000000000148e+01,nan,0.000000000000000000e+00,0.000000000000000000e+00
1.967999999999999972e+01,nan,0.000000000000000000e+00,0.000000000000000000e+00
1.969600000000000151e+01,nan,0.000000000000000000e+00,0.000000000000000000e+00
1.971199999999999974e+01,nan,0.000000000000000000e+00,0.000000000000000000e+00
1.972800000000000153e+01,nan,0.000000000000000000e+00,0.000000000000000000e+00
1.974399999999999977e+01,nan,0.000000000000000000e+00,0.000000000000000000e+00
1.976000000000000156e+01,nan,0.000000000000000000e+00,0.000000000000000000e+00
1.977599999999999980e+01,nan,0.000000000000000000e+00,0.000000000000000000e+00
1.979200000000000159e+01,nan,0.000000000000000000e+00,0.000000000000000000e+00
1.980799999999999983e+01,nan,0.000000000000000000e+00,0.000000000000000000e+00
1.982400000000000162e+01,nan,0.000000000000000000e+00,0.000000000000000000e+00
1.983999999999999986e+01,nan,0.000000000000000000e+00,0.000000000000000000e+00
1.985600000000000165e+01,nan,0.000000000000000000e+00,0.000000000000000000e+00
1.987199999999999989e+01,nan,0.000000000000000000e+00,0.000000000000000000e+00
1.988800000000000168e+01,nan,0.000000000000000000e+00,0.000000000000000000e+00
1.990399999999999991e+01,nan,0.000000000000000000e+00,0.000000000000000000e+00
1.992000000000000171e+01,nan,0.000000000000000000e+00,0.000000000000000000e+00
1.993599999999999994e+01,nan,0.000000000000000000e+00,0.000000000000000000e+00
1.995200000000000173e+01,nan,0.000000000000000000e+00,0.000000000000000000e+00
1.996799999999999997e+01,nan,0.000000000000000000e+00,0.000000000000000000e+00
1.998400000000000176e+01,nan,0.000000000000000000e+00,0.000000000000000000e+00
2.000000000000000000e+01,nan,0.000000000000000000e+00,0.000000000000000000e+00
2.001599999999999824e+01,nan,0.000000000000000000e+00,0.000000000000000000e+00
2.003200000000000003e+01,nan,0.000000000000000000e+00,0.000000000000000000e+00
2.004799999999999827e+01,nan,0.000000000000000000e+00,0.000000000000000000e+00
2.006400000000000006e+01,nan,0.000000000000000000e+00,0.000000000000000000e+00
2.007999999999999829e+01,nan,0.000000000000000000e+00,0.000000000000000000e+00
2.009600000000000009e+01,nan,0.000000000000000000e+00,0.000000000000000000e+00
2.011199999999999832e+01,nan,0.000000000000000000e+00,0.000000000000000000e+00
2.012800000000000011e+01,nan,0.000000000000000000e+00,0.000000000000000000e+00
2.014399999999999835e+01,nan,0.000000000000000000e+00,0.000000000000000000e+00
2.016000000000000014e+01,nan,0.000000000000000000e+00,0.000000000000000000e+00
2.017599999999999838e+01,nan,0.000000000000000000e+00,0.000000000000000000e+00
2.019200000000000017e+01,nan,0.000000000000000000e+00,0.000000000000000000e+00
2.020799999999999841e+01,nan,0.000000000000000000e+00,0.000000000000000000e+00
2.022400000000000020e+01,nan,0.000000000000000000e+00,0.000000000000000000e+00
2.023999999999999844e+01,nan,0.000000000000000000e+00,0.000000000000000000e+00
2.025600000000000023e+01,nan,0.000000000000000000e+00,0.000000000000000000e+00
2.027199999999999847e+01,nan,0.000000000000000000e+00,0.000000000000000000e+00
2.028800000000000026e+01,nan,0.000000000000000000e+00,0.000000000000000000e+00
2.030399999999999849e+01,nan,0.000000000000000000e+00,0.000000000000000000e+00
2.032000000000000028e+01,nan,0.000000000000000000e+00,0.000000000000000000e+00
2.033599999999999852e+01,nan,0.000000000000000000e+00,0.000000000000000000e+00
2.035200000000000031e+01,nan,0.000000000000000000e+00,0.000000000000000000e+00
2.036799999999999855e+01,nan,0.000000000000000000e+00,0.000000000000000000e+00
2.038400000000000034e+01,nan,0.000000000000000000e+00,0.000000000000000000e+00
2.039999999999999858e+01,nan,0.000000000000000000e+00,0.000000000000000000e+00
2.041600000000000037e+01,nan,0.000000000000000000e+00,0.000000000000000000e+00
2.043199999999999861e+01,nan,0.000000000000000000e+00,0.000000000000000000e+00
2.044800000000000040e+01,nan,0.000000000000000000e+00,0.000000000000000000e+00
2.046399999999999864e+01,nan,0.000000000000000000e+00,0.000000000000000000e+00
2.048000000000000043e+01,nan,0.000000000000000000e+00,0.000000000000000000e+00
2.049599999999999866e+01,nan,0.000000000000000000e+00,0.000000000000000000e+00
2.051200000000000045e+01,nan,0.000000000000000000e+00,0.000000000000000000e+00
2.052799999999999869e+01,nan,0.000000000000000000e+00,0.000000000000000000e+00
2.054400000000000048e+01,nan,0.000000000000000000e+00,0.000000000000000000e+00
2.055999999999999872e+01,nan,0.000000000000000000e+00,0.000000000000000000e+00
2.057600000000000051e+01,nan,0.000000000000000000e+00,0.000000000000000000e+00
2.059199999999999875e+01,nan,0.000000000000000000e+00,0.000000000000000000e+00
2.060800000000000054e+01,nan,0.000000000000000000e+00,0.000000000000000000e+00
2.062399999999999878e+01,nan,0.000000000000000000e+00,0.000000000000000000e+00
2.064000000000000057e+01,nan,0.000000000000000000e+00,0.000000000000000000e+00
2.065599999999999881e+01,nan,0.000000000000000000e+00,0.000000000000000000e+00
2.067200000000000060e+01,nan,0.000000000000000000e+00,0.000000000000000000e+00
2.068799999999999883e+01,nan,0.000000000000000000e+00,0.000000000000000000e+00
2.070400000000000063e+01,nan,0.000000000000000000e+00,0.000000000000000000e+00
2.071999999999999886e+01,nan,0.000000000000000000e+00,0.000000000000000000e+00
2.073600000000000065e+01,nan,0.000000000000000000e+00,0.000000000000000000e+00
2.075199999999999889e+01,nan,0.000000000000000000e+00,0.000000000000000000e+00
2.076800000000000068e+01,nan,0.000000000000000000e+00,0.000000000000000000e+00
2.078399999999999892e+01,nan,0.000000000000000000e+00,0.000000000000000000e+00
2.080000000000000071e+01,nan,0.000000000000000000e+00,0.000000000000000000e+00
2.081599999999999895e+01,nan,0.000000000000000000e+00,0.000000000000000000e+00
2.083200000000000074e+01,nan,0.000000000000000000e+00,0.000000000000000000e+00
2.084799999999999898e+01,nan,0.000000000000000000e+00,0.000000000000000000e+00
2.086400000000000077e+01,nan,0.000000000000000000e+00,0.000000000000000000e+00
2.087999999999999901e+01,nan,0.000000000000000000e+00,0.000000000000000000e+00
2.089600000000000080e+01,nan,0.000000000000000000e+00,0.000000000000000000e+00
2.091199999999999903e+01,nan,0.000000000000000000e+00,0.000000000000000000e+00
2.092800000000000082e+01,nan,0.000000000000000000e+00,0.000000000000000000e+00
2.094399999999999906e+01,nan,0.000000000000000000e+00,0.000000000000000000e+00
2.096000000000000085e+01,nan,0.000000000000000000e+00,0.000000000000000000e+00
2.097599999999999909e+01,nan,0.000000000000000000e+00,0.000000000000000000e+00
2.099200000000000088e+01,nan,0.000000000000000000e+00,0.000000000000000000e+00
2.100799999999999912e+01,nan,0.000000000000000000e+00,0.000000000000000000e+00
2.102400000000000091e+01,nan,0.000000000000000000e+00,0.000000000000000000e+00
2.103999999999999915e+01,nan,0.000000000000000000e+00,0.000000000000000000e+00
2.105600000000000094e+01,nan,0.000000000000000000e+00,0.000000000000000000e+00
2.107199999999999918e+01,nan,0.000000000000000000e+00,0.000000000000000000e+00
2.108800000000000097e+01,nan,0.000000000000000000e+00,0.000000000000000000e+00
2.110399999999999920e+01,nan,0.000000000000000000e+00,0.000000000000000000e+00
2.112000000000000099e+01,nan,0.000000000000000000e+00,0.000000000000000000e+00
2.113599999999999923e+01,nan,0.000000000000000000e+00,0.000000000000000000e+00
2.115200000000000102e+01,nan,0.000000000000000000e+00,0.000000000000000000e+00
2.116799999999999926e+01,nan,0.000000000000000000e+00,0.000000000000000000e+00
2.118400000000000105e+01,nan,0.000000000000000000e+00,0.000000000000000000e+00
2.119999999999999929e+01,nan,0.000000000000000000e+00,0.000000000000000000e+00
2.121600000000000108e+01,nan,0.000000000000000000e+00,0.000000000000000000e+00
2.123199999999999932e+01,nan,0.000000000000000000e+00,0.000000000000000000e+00
2.124800000000000111e+01,nan,0.000000000000000000e+00,0.000000000000000000e+00
2.126399999999999935e+01,nan,0.000000000000000000e+00,0.000000000000000000e+00
2.128000000000000114e+01,nan,0.000000000000000000e+00,0.000000000000000000e+00
2.129599999999999937e+01,nan,0.000000000000000000e+00,0.000000000000000000e+00
2.131200000000000117e+01,nan,0.000000000000000000e+00,0.000000000000000000e+00
2.132799999999999940e+01,nan,0.000000000000000000e+00,0.000000000000000000e+00
2.134400000000000119e+01,nan,0.000000000000000000e+00,0.000000000000000000e+00
2.135999999999999943e+01,nan,0.000000000000000000e+00,0.000000000000000000e+00
2.137600000000000122e+01,nan,0.000000000000000000e+00,0.000000000000000000e+00
2.139199999999999946e+01,nan,0.000000000000000000e+00,0.000000000000000000e+00
2.140800000000000125e+01,nan,0.000000000000000000e+00,0.000000000000000000e+00
2.142399999999999949e+01,nan,0.000000000000000000e+00,0.000000000000000000e+00
2.144000000000000128e+01,nan,0.000000000000000000e+00,0.000000000000000000e+00
2.145599999999999952e+01,nan,0.000000000000000000e+00,0.000000000000000000e+00
2.147200000000000131e+01,nan,0.000000000000000000e+00,0.000000000000000000e+00
2.148799999999999955e+01,nan,0.000000000000000000e+00,0.000000000000000000e+00
2.150400000000000134e+01,nan,0.000000000000000000e+00,0.000000000000000000e+00
2.151999999999999957e+01,nan,0.000000000000000000e+00,0.000000000000000000e+00
2.153600000000000136e+01,nan,0.000000000000000000e+00,0.000000000000000000e+00
2.155199999999999960e+01,nan,0.000000000000000000e+00,0.000000000000000000e+00
2.156800000000000139e+01,nan,0.000000000000000000e+00,0.000000000000000000e+00
2.158399999999999963e+01,nan,0.000000000000000000e+00,0.000000000000000000e+00
2.160000000000000142e+01,nan,0.000000000000000000e+00,0.000000000000000000e+00
2.161599999999999966e+01,nan,0.000000000000000000e+00,0.000000000000000000e+00
2.163200000000000145e+01,nan,0.000000000000000000e+00,0.000000000000000000e+00
2.164799999999999969e+01,nan,0.000000000000000000e+00,0.000000000000000000e+00
2.166400000000000148e+01,nan,0.000000000000000000e+00,0.000000000000000000e+00
2.167999999999999972e+01,nan,0.000000000000000000e+00,0.000000000000000000e+00
2.169600000000000151e+01,nan,0.000000000000000000e+00,0.000000000000000000e+00
2.171199999999999974e+01,nan,0.000000000000000000e+00,0.000000000000000000e+00
2.172800000000000153e+01,nan,0.000000000000000000e+00,0.000000000000000000e+00
2.174399999999999977e+01,nan,0.000000000000000000e+00,0.000000000000000000e+00
2.176000000000000156e+01,nan,0.000000000000000000e+00,0.000000000000000000e+00
2.177599999999999980e+01,nan,0.000000000000000000e+00,0.000000000000000000e+00
2.179200000000000159e+01,nan,0.000000000000000000e+00,0.000000000000000000e+00
2.180799999999999983e+01,nan,0.000000000000000000e+00,0.000000000000000000e+00
2.182400000000000162e+01,nan,0.000000000000000000e+00,0.000000000000000000e+00
2.183999999999999986e+01,nan,0.000000000000000000e+00,0.000000000000000000e+00
2.185600000000000165e+01,nan,0.000000000000000000e+00,0.000000000000000000e+00
2.187199999999999989e+01,nan,0.000000000000000000e+00,0.000000000000000000e+00
2.188800000000000168e+01,nan,0.000000000000000000e+00,0.000000000000000000e+00
2.190399999999999991e+01,nan,0.000000000000000000e+00,0.000000000000000000e+00
2.192000000000000171e+01,nan,0.000000000000000000e+00,0.000000000000000000e+00
2.193599999999999994e+01,nan,0.000000000000000000e+00,0.000000000000000000e+00
2.195200000000000173e+01,nan,0.000000000000000000e+00,0.000000000000000000e+00
2.196799999999999997e+01,nan,0.000000000000000000e+00,0.000000000000000000e+00
2.198400000000000176e+01,nan,0.000000000000000000e+00,0.000000000000000000e+00
2.200000000000000000e+01,nan,0.000000000000000000e+00,0.000000000000000000e+00
2.201599999999999824e+01,nan,0.000000000000000000e+00,0.000000000000000000e+00
2.203200000000000003e+01,nan,0.000000000000000000e+00,0.000000000000000000e+00
2.204799999999999827e+01,nan,0.000000000000000000e+00,0.000000000000000000e+00
2.206400000000000006e+01,nan,0.000000000000000000e+00,0.000000000000000000e+00
2.207999999999999829e+01,nan,0.000000000000000000e+00,0.000000000000000000e+00
2.209600000000000009e+01,nan,0.000000000000000000e+00,0.000000000000000000e+00
2.211199999999999832e+01,nan,0.000000000000000000e+00,0.000000000000000000e+00
2.212800000000000011e+01,nan,0.000000000000000000e+00,0.000000000000000000e+00
2.214399999999999835e+01,nan,0.000000000000000000e+00,0.000000000000000000e+00
2.216000000000000014e+01,nan,0.000000000000000000e+00,0.000000000000000000e+00
2.217599999999999838e+01,nan,0.000000000000000000e+00,0.000000000000000000e+00
2.219200000000000017e+01,nan,0.000000000000000000e+00,0.000000000000000000e+00
2.220799999999999841e+01,nan,0.000000000000000000e+00,0.000000000000000000e+00
2.222400000000000020e+01,nan,0.000000000000000000e+00,0.000000000000000000e+00
2.223999999999999844e+01,nan,0.000000000000000000e+00,0.000000000000000000e+00
2.225600000000000023e+01,nan,0.000000000000000000e+00,0.000000000000000000e+00
2.227199999999999847e+01,nan,0.000000000000000000e+00,0.000000000000000000e+00
2.228800000000000026e+01,nan,0.000000000000000000e+00,0.000000000000000000e+00
2.230399999999999849e+01,nan,0.000000000000000000e+00,0.000000000000000000e+00
